Frame,License_Plate_Text,Char_X1,Char_Y1,Char_X2,Char_Y2,Char_Label
0,30H31768,708,342,735,396,3
0,30H31768,735,340,762,395,0
0,30H31768,788,333,817,392,H
0,30H31768,814,331,844,389,3
0,30H31768,714,400,742,456,1
0,30H31768,746,398,778,454,7
0,30H31768,784,397,815,451,6
0,30H31768,819,393,853,449,8
0,K34AP2849,269,358,326,514,K
0,K34AP2849,294,363,347,435,3
0,K34AP2849,324,357,380,429,4
0,K34AP2849,325,357,378,430,A
0,K34AP2849,384,349,431,420,P
0,K34AP2849,412,343,467,416,2
0,K34AP2849,308,425,364,489,8
0,K34AP2849,354,416,408,488,4
0,K34AP2849,387,407,440,481,9
1,30H31768,701,338,730,394,3
1,30H31768,726,335,757,392,0
1,30H31768,781,329,812,388,H
1,30H31768,807,327,839,386,3
1,30H31768,707,396,735,452,1
1,30H31768,739,393,775,450,7
1,30H31768,776,392,812,447,6
1,30H31768,812,387,848,444,8
1,73P8,251,353,324,514,7
1,73P8,280,356,348,435,3
1,73P8,374,341,428,417,P
1,73P8,295,425,360,489,8
2,30H31768,690,326,722,383,3
2,30H31768,718,324,748,381,0
2,30H31768,772,318,803,378,H
2,30H31768,797,316,830,375,3
2,30H31768,698,385,727,441,1
2,30H31768,730,383,767,439,7
2,30H31768,767,381,802,436,6
2,30H31768,803,376,839,433,8
2,3A4P2489,276,353,334,426,3
2,3A4P2489,307,347,367,421,A
2,3A4P2489,309,346,368,422,4
2,3A4P2489,367,337,416,409,P
2,3A4P2489,394,330,453,410,2
2,3A4P2489,396,333,466,459,4
2,3A4P2489,289,415,348,478,8
2,3A4P2489,370,398,422,470,9
2,T344471,1131,295,1167,345,T
2,T344471,1142,249,1179,299,3
2,T344471,1154,291,1190,343,4
2,T344471,1169,248,1200,297,4
2,T344471,1179,294,1219,348,4
2,T344471,1209,289,1245,343,7
2,T344471,1232,246,1270,340,1
3,30H31768,690,326,722,383,3
3,30H31768,718,324,748,381,0
3,30H31768,772,318,803,378,H
3,30H31768,797,316,830,375,3
3,30H31768,698,385,727,441,1
3,30H31768,730,383,767,439,7
3,30H31768,767,381,802,436,6
3,30H31768,803,376,839,433,8
3,73P2489,237,342,314,506,7
3,73P2489,274,350,336,423,3
3,73P2489,365,333,417,408,P
3,73P2489,390,319,456,410,2
3,73P2489,394,329,468,460,4
3,73P2489,288,414,350,478,8
3,73P2489,370,396,421,470,9
3,T34447,1131,295,1167,345,T
3,T34447,1143,249,1179,299,3
3,T34447,1154,291,1190,343,4
3,T34447,1169,248,1199,297,4
3,T34447,1179,294,1219,348,4
3,T34447,1209,290,1245,343,7
4,30H31768,685,321,716,377,3
4,30H31768,710,318,742,376,0
4,30H31768,765,312,797,373,H
4,30H31768,791,310,823,369,3
4,30H31768,691,380,722,437,1
4,30H31768,723,378,760,434,7
4,30H31768,761,376,795,431,6
4,30H31768,797,372,832,428,8
4,34P289,268,349,323,419,3
4,34P289,299,344,355,416,4
4,34P289,359,333,409,406,P
4,34P289,386,328,448,405,2
4,34P289,279,406,341,475,8
4,34P289,362,391,415,465,9
5,30H31768,678,319,707,375,3
5,30H31768,704,317,734,374,0
5,30H31768,758,310,789,370,H
5,30H31768,783,308,816,366,3
5,30H31768,681,377,713,433,1
5,30H31768,714,375,751,432,7
5,30H31768,753,373,787,428,6
5,30H31768,790,369,824,425,8
5,3AP489,257,345,317,417,3
5,3AP489,288,340,350,414,A
5,3AP489,349,328,403,403,P
5,3AP489,375,324,456,454,4
5,3AP489,270,409,335,472,8
5,3AP489,351,386,408,462,9
6,30H31768,672,315,701,371,3
6,30H31768,698,312,728,370,0
6,30H31768,752,306,782,366,H
6,30H31768,778,303,809,362,3
6,30H31768,676,373,707,429,1
6,30H31768,709,371,745,428,7
6,30H31768,747,369,780,423,6
6,30H31768,784,364,817,421,8
6,3P89,249,342,309,414,3
6,3P89,341,325,396,399,P
6,3P89,263,403,329,470,8
6,3P89,344,382,403,460,9
7,30H31768,656,306,686,363,3
7,30H31768,681,304,712,361,0
7,30H31768,735,297,765,357,H
7,30H31768,761,294,793,354,3
7,30H31768,660,365,693,423,1
7,30H31768,692,362,728,420,7
7,30H31768,731,360,763,415,6
7,30H31768,766,357,802,413,8
7,328,227,335,288,411,3
7,328,350,295,434,442,2
7,328,239,394,310,463,8
7,32,1111,229,1147,278,3
7,32,1117,268,1160,322,2
8,30H31768,656,306,686,363,3
8,30H31768,681,304,712,361,0
8,30H31768,735,297,765,357,H
8,30H31768,761,294,793,354,3
8,30H31768,660,365,693,423,1
8,30H31768,692,362,728,420,7
8,30H31768,731,360,763,415,6
8,30H31768,766,357,802,413,8
8,38,226,336,289,408,3
8,38,240,397,308,463,8
8,32,1111,229,1147,278,3
8,32,1117,268,1160,322,2
9,72,189,321,259,481,7
9,72,343,285,430,440,2
9,30H31768,649,304,680,361,3
9,30H31768,674,301,707,359,0
9,30H31768,729,293,760,355,H
9,30H31768,755,292,786,351,3
9,30H31768,653,362,685,419,1
9,30H31768,687,360,723,417,7
9,30H31768,725,358,758,413,6
9,30H31768,761,354,796,410,8
9,35371,1109,224,1139,274,3
9,35371,1113,267,1152,320,5
9,35371,1114,267,1151,320,3
9,35371,1170,265,1208,319,7
9,35371,1192,222,1224,271,1
10,30H31768,644,299,675,357,3
10,30H31768,670,296,702,355,0
10,30H31768,725,289,756,350,H
10,30H31768,751,287,781,346,3
10,30H31768,651,359,682,416,1
10,30H31768,682,356,718,414,7
10,30H31768,721,353,754,409,6
10,30H31768,757,349,792,406,8
10,789,385,282,445,435,7
10,789,230,393,297,458,8
10,789,312,368,371,449,9
10,35344R71,1107,219,1135,267,3
10,35344R71,1110,261,1147,314,5
10,35344R71,1111,261,1146,313,3
10,35344R71,1127,218,1156,266,4
10,35344R71,1138,264,1174,314,4
10,35344R71,1166,215,1197,265,R
10,35344R71,1168,260,1206,314,7
10,35344R71,1187,216,1216,263,1
11,30H31768,638,299,669,356,3
11,30H31768,663,296,696,354,0
11,30H31768,719,289,750,350,H
11,30H31768,745,287,775,346,3
11,30H31768,642,357,676,413,1
11,30H31768,677,355,713,413,7
11,30H31768,715,353,748,408,6
11,30H31768,752,348,785,405,8
11,84,225,393,292,458,8
11,84,268,379,333,460,4
11,354D713,1102,218,1129,264,3
11,354D713,1106,259,1139,311,5
11,354D713,1122,216,1150,264,4
11,354D713,1162,214,1191,262,D
11,354D713,1163,259,1199,311,7
11,354D713,1184,213,1207,260,1
11,354D713,1189,260,1219,307,3
12,30H31768B,631,301,663,358,3
12,30H31768B,657,297,691,355,0
12,30H31768B,713,290,743,351,H
12,30H31768B,739,288,769,347,3
12,30H31768B,637,357,671,416,1
12,30H31768B,670,354,707,414,7
12,30H31768B,710,354,742,409,6
12,30H31768B,746,349,779,405,8
12,30H31768B,746,349,779,405,B
12,3T849,204,335,264,406,3
12,3T849,370,287,434,436,T
12,3T849,220,398,282,461,8
12,3T849,268,388,325,460,4
12,3T849,300,372,359,451,9
12,3544D713,1097,218,1123,264,3
12,3544D713,1102,260,1134,311,5
12,3544D713,1117,216,1145,263,4
12,3544D713,1130,262,1162,310,4
12,3544D713,1157,214,1184,261,D
12,3544D713,1161,260,1192,311,7
12,3544D713,1178,213,1200,258,1
12,3544D713,1185,260,1212,305,3
13,30H31768,629,297,660,355,3
13,30H31768,654,293,687,352,0
13,30H31768,709,287,743,348,H
13,30H31768,735,284,768,343,3
13,30H31768,636,355,668,413,1
13,30H31768,668,353,706,411,7
13,30H31768,707,350,742,405,6
13,30H31768,743,344,778,402,8
13,3544D713,1097,211,1123,258,3
13,3544D713,1101,254,1134,304,5
13,3544D713,1117,209,1145,257,4
13,3544D713,1130,255,1164,303,4
13,3544D713,1156,207,1186,255,D
13,3544D713,1162,252,1192,301,7
13,3544D713,1178,206,1206,252,1
13,3544D713,1186,252,1212,297,3
13,384,201,336,258,409,3
13,384,217,395,284,461,8
13,384,262,388,322,462,4
14,3544D713,1097,211,1123,258,3
14,3544D713,1102,254,1134,304,5
14,3544D713,1117,209,1145,257,4
14,3544D713,1130,255,1164,303,4
14,3544D713,1156,207,1186,255,D
14,3544D713,1162,252,1191,301,7
14,3544D713,1178,206,1205,252,1
14,3544D713,1186,253,1212,297,3
14,30H31768,629,297,660,355,3
14,30H31768,654,293,688,353,0
14,30H31768,709,287,743,348,H
14,30H31768,734,284,768,343,3
14,30H31768,636,355,668,414,1
14,30H31768,668,353,706,411,7
14,30H31768,707,350,743,405,6
14,30H31768,743,345,778,402,8
14,384,200,336,258,409,3
14,384,216,395,284,461,8
14,384,261,388,322,462,4
15,354D71314,1097,209,1124,256,3
15,354D71314,1103,252,1134,302,5
15,354D71314,1118,207,1145,254,4
15,354D71314,1157,204,1186,252,D
15,354D71314,1163,250,1192,300,7
15,354D71314,1178,203,1204,250,1
15,354D71314,1187,250,1214,295,3
15,354D71314,1080,256,1110,306,1
15,354D71314,1131,254,1164,301,4
15,30H31768,627,297,658,354,3
15,30H31768,651,292,686,352,0
15,30H31768,707,285,740,347,H
15,30H31768,733,283,766,342,3
15,30H31768,634,355,665,413,1
15,30H31768,667,353,703,411,7
15,30H31768,705,349,740,405,6
15,30H31768,741,344,777,402,8
15,7384,365,283,427,438,7
15,7384,193,335,257,409,3
15,7384,215,395,280,462,8
15,7384,257,387,319,463,4
16,30H31768,623,292,655,350,3
16,30H31768,649,288,682,348,0
16,30H31768,704,280,737,342,H
16,30H31768,731,278,762,338,3
16,30H31768,630,351,663,409,1
16,30H31768,663,348,700,406,7
16,30H31768,702,345,736,401,6
16,30H31768,739,339,772,397,8
16,3544D7131,1097,203,1123,250,3
16,3544D7131,1102,247,1134,296,5
16,3544D7131,1118,202,1145,248,4
16,3544D7131,1132,248,1162,294,4
16,3544D7131,1157,199,1185,247,D
16,3544D7131,1162,244,1192,294,7
16,3544D7131,1179,198,1203,243,1
16,3544D7131,1186,244,1214,290,3
16,3544D7131,1081,251,1110,301,1
16,3189,185,323,251,405,3
16,3189,361,286,421,434,1
16,3189,205,392,273,460,8
16,3189,286,368,351,450,9
17,30H31768,620,292,651,350,3
17,30H31768,646,288,679,348,0
17,30H31768,701,280,734,342,H
17,30H31768,728,277,761,338,3
17,30H31768,628,351,660,409,1
17,30H31768,661,349,696,407,7
17,30H31768,699,345,732,401,6
17,30H31768,737,340,769,398,8
17,34D713154,1095,201,1122,249,3
17,34D713154,1117,199,1144,248,4
17,34D713154,1156,197,1185,246,D
17,34D713154,1163,243,1191,292,7
17,34D713154,1178,195,1205,243,1
17,34D713154,1186,243,1214,291,3
17,34D713154,1079,250,1108,299,1
17,34D713154,1102,246,1134,295,5
17,34D713154,1131,246,1162,293,4
17,738,153,322,224,483,7
17,738,185,331,253,408,3
17,738,202,394,271,460,8
18,354D71314,1096,206,1123,253,3
18,354D71314,1102,249,1135,300,5
18,354D71314,1118,203,1145,251,4
18,354D71314,1157,201,1186,250,D
18,354D71314,1163,247,1192,297,7
18,354D71314,1179,199,1203,246,1
18,354D71314,1187,247,1214,295,3
18,354D71314,1079,254,1110,304,1
18,354D71314,1131,251,1164,298,4
18,30H31768,620,296,650,353,3
18,30H31768,645,292,678,352,0
18,30H31768,700,286,733,346,H
18,30H31768,727,281,759,342,3
18,30H31768,626,355,658,412,1
18,30H31768,660,352,695,411,7
18,30H31768,698,349,731,405,6
18,30H31768,735,344,768,402,8
18,7M18,151,327,226,484,7
18,7M18,347,283,414,439,M
18,7M18,351,283,415,440,1
18,7M18,200,395,271,466,8
19,354D71314,1096,206,1123,253,3
19,354D71314,1102,249,1135,300,5
19,354D71314,1118,204,1145,252,4
19,354D71314,1157,201,1186,251,D
19,354D71314,1163,247,1192,297,7
19,354D71314,1179,199,1203,247,1
19,354D71314,1187,247,1214,295,3
19,354D71314,1079,254,1109,303,1
19,354D71314,1131,251,1164,298,4
19,30H31768,619,296,651,353,3
19,30H31768,645,292,678,352,0
19,30H31768,701,285,733,346,H
19,30H31768,727,282,759,342,3
19,30H31768,626,356,659,413,1
19,30H31768,660,353,695,411,7
19,30H31768,699,349,732,406,6
19,30H31768,735,344,768,402,8
19,189,353,284,415,436,1
19,189,202,393,268,464,8
19,189,280,374,344,455,9
20,30H31768,612,297,643,355,3
20,30H31768,637,293,671,354,0
20,30H31768,693,288,727,348,H
20,30H31768,720,283,752,344,3
20,30H31768,620,358,651,416,1
20,30H31768,653,355,689,413,7
20,30H31768,691,351,726,408,6
20,30H31768,728,346,763,404,8
20,354D7131,1093,207,1120,256,3
20,354D7131,1100,250,1133,302,5
20,354D7131,1115,205,1143,254,4
20,354D7131,1154,203,1184,252,D
20,354D7131,1161,249,1190,299,7
20,354D7131,1177,202,1201,249,1
20,354D7131,1186,249,1212,296,3
20,354D7131,1076,257,1105,305,1
20,189,344,285,409,439,1
20,189,191,393,257,466,8
20,189,268,370,331,455,9
21,354D713414,1091,209,1119,258,3
21,354D713414,1098,253,1131,305,5
21,354D713414,1113,207,1141,256,4
21,354D713414,1153,205,1181,255,D
21,354D713414,1159,252,1189,301,7
21,354D713414,1175,204,1199,251,1
21,354D713414,1184,252,1209,296,3
21,354D713414,1185,252,1209,296,4
21,354D713414,1074,258,1103,309,1
21,354D713414,1126,255,1159,304,4
21,30H31768,608,298,640,357,3
21,30H31768,632,295,666,355,0
21,30H31768,688,288,723,349,H
21,30H31768,715,286,749,345,3
21,30H31768,615,356,648,417,1
21,30H31768,649,355,686,415,7
21,30H31768,687,353,723,410,6
21,30H31768,724,347,759,406,8
21,89,185,395,250,468,8
21,89,265,374,326,456,9
22,354D71314,1091,207,1117,256,3
22,354D71314,1097,251,1130,302,5
22,354D71314,1113,205,1140,254,4
22,354D71314,1152,202,1181,252,D
22,354D71314,1158,249,1188,299,7
22,354D71314,1174,201,1198,249,1
22,354D71314,1183,250,1209,295,3
22,354D71314,1075,257,1102,305,1
22,354D71314,1125,253,1158,301,4
22,30H31768,603,296,636,356,3
22,30H31768,629,293,663,354,0
22,30H31768,685,287,719,349,H
22,30H31768,712,283,745,345,3
22,30H31768,611,358,644,417,1
22,30H31768,645,355,682,414,7
22,30H31768,683,352,718,409,6
22,30H31768,720,347,755,405,8
22,849,177,396,247,468,8
22,849,224,386,288,462,4
22,849,260,374,321,455,9
23,354D71314,1091,209,1118,257,3
23,354D71314,1097,252,1130,304,5
23,354D71314,1113,206,1139,256,4
23,354D71314,1153,204,1180,254,D
23,354D71314,1160,252,1186,300,7
23,354D71314,1175,203,1198,251,1
23,354D71314,1185,251,1209,296,3
23,354D71314,1074,259,1103,308,1
23,354D71314,1126,255,1157,303,4
23,30H31768B,599,296,633,360,3
23,30H31768B,625,291,661,356,0
23,30H31768B,681,284,717,350,H
23,30H31768B,709,282,744,346,3
23,30H31768B,608,360,641,421,1
23,30H31768B,642,357,679,418,7
23,30H31768B,680,354,714,412,6
23,30H31768B,718,349,753,408,8
23,30H31768B,718,349,753,407,B
23,219,282,302,365,447,2
23,219,325,284,392,441,1
23,219,256,376,317,458,9
24,354D71314,1092,213,1117,263,3
24,354D71314,1099,258,1131,310,5
24,354D71314,1113,211,1140,261,4
24,354D71314,1154,209,1182,260,D
24,354D71314,1161,257,1188,307,7
24,354D71314,1176,208,1200,256,1
24,354D71314,1186,257,1211,301,3
24,354D71314,1075,264,1104,313,1
24,354D71314,1127,260,1157,309,4
24,30H31768,597,301,631,363,3
24,30H31768,623,298,658,361,0
24,30H31768,680,292,713,355,H
24,30H31768,707,289,740,351,3
24,30H31768,606,364,640,425,1
24,30H31768,639,361,676,422,7
24,30H31768,678,359,712,417,6
24,30H31768,716,354,749,412,8
24,89,167,399,242,476,8
24,89,251,381,313,463,9
25,354D71314,1091,213,1117,263,3
25,354D71314,1098,258,1131,312,5
25,354D71314,1112,212,1140,261,4
25,354D71314,1153,209,1182,260,D
25,354D71314,1161,258,1189,307,7
25,354D71314,1176,208,1199,257,1
25,354D71314,1186,257,1211,302,3
25,354D71314,1074,264,1103,314,1
25,354D71314,1127,261,1157,310,4
25,30H31768,593,302,625,364,3
25,30H31768,618,300,652,362,0
25,30H31768,674,293,708,357,H
25,30H31768,701,291,735,352,3
25,30H31768,600,364,634,426,1
25,30H31768,634,361,671,423,7
25,30H31768,671,359,708,418,6
25,30H31768,710,354,746,413,8
25,24,270,303,354,456,2
25,24,205,396,271,473,4
26,354D71314,1091,213,1117,263,3
26,354D71314,1098,258,1131,312,5
26,354D71314,1112,212,1140,261,4
26,354D71314,1153,209,1182,260,D
26,354D71314,1161,258,1189,307,7
26,354D71314,1176,208,1199,257,1
26,354D71314,1186,257,1211,302,3
26,354D71314,1074,264,1103,314,1
26,354D71314,1127,261,1157,310,4
26,30H31768,592,302,624,364,3
26,30H31768,618,300,653,362,0
26,30H31768,674,293,708,357,H
26,30H31768,701,291,735,352,3
26,30H31768,598,363,634,425,1
26,30H31768,633,360,672,423,7
26,30H31768,671,359,708,418,6
26,30H31768,710,354,746,413,8
26,29,271,303,357,455,2
26,29,242,381,306,465,9
27,34D131547,1096,217,1123,267,3
27,34D131547,1118,216,1147,266,4
27,34D131547,1161,213,1191,264,D
27,34D131547,1184,211,1209,262,1
27,34D131547,1191,261,1222,308,3
27,34D131547,1081,268,1109,317,1
27,34D131547,1104,265,1137,315,5
27,34D131547,1133,265,1168,314,4
27,34D131547,1166,262,1198,312,7
27,30H31768,587,307,621,369,3
27,30H31768,614,303,649,366,0
27,30H31768,671,296,705,361,H
27,30H31768,699,294,733,355,3
27,30H31768,596,367,632,430,1
27,30H31768,631,365,667,427,7
27,30H31768,670,364,704,422,6
27,30H31768,707,358,744,418,8
28,30H3768,584,306,618,368,3
28,30H3768,612,303,646,365,0
28,30H3768,668,295,702,359,H
28,30H3768,696,293,729,356,3
28,30H3768,627,364,663,427,7
28,30H3768,666,363,702,422,6
28,30H3768,705,357,740,417,8
28,34D13157,1099,216,1127,267,3
28,34D13157,1121,215,1150,265,4
28,34D13157,1164,212,1194,263,D
28,34D13157,1188,210,1212,261,1
28,34D13157,1197,260,1224,307,3
28,34D13157,1081,267,1112,318,1
28,34D13157,1105,262,1143,315,5
28,34D13157,1170,261,1201,313,7
28,9,227,382,296,467,9
29,34D11573,1099,215,1128,267,3
29,34D11573,1121,213,1151,265,4
29,34D11573,1165,212,1194,263,D
29,34D11573,1189,209,1213,260,1
29,34D11573,1083,267,1113,318,1
29,34D11573,1106,262,1142,316,5
29,34D11573,1172,261,1202,313,7
29,34D11573,1197,261,1225,307,3
29,30H31768,574,303,615,368,3
29,30H31768,607,301,643,364,0
29,30H31768,664,296,697,359,H
29,30H31768,693,293,725,355,3
29,30H31768,584,364,624,429,1
29,30H31768,621,363,659,426,7
29,30H31768,661,363,696,420,6
29,30H31768,700,358,736,417,8
29,4,188,392,258,472,4
30,34D11573,1097,216,1127,268,3
30,34D11573,1121,215,1150,266,4
30,34D11573,1164,213,1194,265,D
30,34D11573,1188,210,1213,262,1
30,34D11573,1080,269,1110,319,1
30,34D11573,1104,263,1141,318,5
30,34D11573,1169,262,1201,311,7
30,34D11573,1196,262,1225,310,3
30,30H31768,570,305,608,368,3
30,30H31768,599,301,637,365,0
30,30H31768,657,295,692,360,H
30,30H31768,686,293,720,355,3
30,30H31768,581,365,621,429,1
30,30H31768,611,364,655,427,7
30,30H31768,654,363,692,422,6
30,30H31768,693,358,732,419,8
30,K,79,338,157,506,K
31,34D11573,1098,216,1126,268,3
31,34D11573,1120,215,1149,266,4
31,34D11573,1164,213,1193,265,D
31,34D11573,1188,211,1213,262,1
31,34D11573,1081,269,1110,320,1
31,34D11573,1105,263,1140,318,5
31,34D11573,1169,263,1201,314,7
31,34D11573,1197,262,1224,309,3
31,30H31768,570,305,608,368,3
31,30H31768,599,301,637,365,0
31,30H31768,657,295,692,360,H
31,30H31768,686,293,720,355,3
31,30H31768,581,365,621,429,1
31,30H31768,611,364,655,427,7
31,30H31768,654,363,692,422,6
31,30H31768,693,358,732,419,8
31,K,79,338,157,506,K
32,30H31768,556,304,594,366,3
32,30H31768,584,300,623,364,0
32,30H31768,643,293,677,359,H
32,30H31768,671,292,705,356,3
32,30H31768,558,364,599,428,1
32,30H31768,599,362,637,427,7
32,30H31768,640,364,677,423,6
32,30H31768,680,359,716,419,8
32,354D7131,1093,221,1121,273,3
32,354D7131,1101,267,1136,323,5
32,354D7131,1116,220,1145,271,4
32,354D7131,1159,218,1190,270,D
32,354D7131,1164,266,1199,313,7
32,354D7131,1185,217,1210,267,1
32,354D7131,1191,267,1223,316,3
32,354D7131,1076,273,1104,324,1
32,9,198,375,264,463,9
33,34D71315,1096,222,1125,273,3
33,34D71315,1119,222,1150,272,4
33,34D71315,1163,220,1193,272,D
33,34D71315,1171,268,1203,316,7
33,34D71315,1190,218,1214,269,1
33,34D71315,1197,268,1226,317,3
33,34D71315,1077,274,1108,322,1
33,34D71315,1103,269,1139,322,5
33,H3768,642,293,675,359,H
33,H3768,669,292,703,355,3
33,H3768,593,361,635,425,7
33,H3768,636,362,675,421,6
33,H3768,677,357,714,417,8
34,354D13,1089,223,1121,275,3
34,354D13,1095,270,1134,326,5
34,354D13,1112,222,1145,275,4
34,354D13,1157,220,1191,274,D
34,354D13,1184,220,1210,271,1
34,354D13,1192,272,1222,320,3
34,AH368,629,290,667,357,A
34,AH368,630,291,666,357,H
34,AH368,659,288,695,355,3
34,AH368,623,358,665,420,6
34,AH368,664,355,705,417,8
35,34D11573,1086,221,1116,274,3
35,34D11573,1109,220,1140,273,4
35,34D11573,1155,218,1186,272,D
35,34D11573,1181,217,1207,270,1
35,34D11573,1065,273,1101,327,1
35,34D11573,1092,268,1132,325,5
35,34D11573,1160,268,1193,319,7
35,34D11573,1188,270,1217,319,3
35,0H31768,562,292,600,357,0
35,0H31768,622,288,656,353,H
35,0H31768,650,286,684,350,3
35,0H31768,533,354,577,421,1
35,0H31768,571,355,615,420,7
35,0H31768,617,357,654,416,6
35,0H31768,659,353,693,413,8
35,4,211,359,285,442,4
36,34D11573,1086,220,1116,274,3
36,34D11573,1109,220,1141,273,4
36,34D11573,1155,218,1186,272,D
36,34D11573,1181,217,1207,270,1
36,34D11573,1065,273,1101,327,1
36,34D11573,1092,268,1132,325,5
36,34D11573,1160,268,1193,319,7
36,34D11573,1188,270,1217,319,3
36,0H31768,560,292,601,357,0
36,0H31768,622,289,656,353,H
36,0H31768,651,286,684,350,3
36,0H31768,532,355,577,421,1
36,0H31768,571,355,615,420,7
36,0H31768,617,357,653,416,6
36,0H31768,659,353,693,413,8
37,34D115473,1083,223,1115,278,3
37,34D115473,1107,223,1139,277,4
37,34D115473,1153,222,1185,275,D
37,34D115473,1179,220,1207,273,1
37,34D115473,1063,277,1097,332,1
37,34D115473,1089,272,1128,329,5
37,34D115473,1120,275,1158,327,4
37,34D115473,1161,273,1192,323,7
37,34D115473,1187,273,1216,322,3
37,QH31768,552,296,590,360,Q
37,QH31768,611,292,647,358,H
37,QH31768,640,289,674,353,3
37,QH31768,522,357,569,425,1
37,QH31768,560,356,605,424,7
37,QH31768,606,360,645,420,6
37,QH31768,647,356,684,418,8
37,4,183,282,282,448,4
38,341573,1078,225,1109,278,3
38,341573,1100,224,1135,278,4
38,341573,1178,222,1201,275,1
38,341573,1082,274,1123,328,5
38,341573,1156,274,1188,326,7
38,341573,1183,276,1212,323,3
38,H31768,602,289,637,358,H
38,H31768,632,287,665,355,3
38,H31768,516,361,557,425,1
38,H31768,552,361,595,426,7
38,H31768,599,363,633,423,6
38,H31768,640,359,674,420,8
39,H3768,596,291,633,356,H
39,H3768,625,289,660,353,3
39,H3768,543,359,591,424,7
39,H3768,593,361,628,420,6
39,H3768,634,356,669,417,8
39,34D1573,1076,222,1106,276,3
39,34D1573,1099,222,1133,276,4
39,34D1573,1147,221,1178,274,D
39,34D1573,1174,220,1199,272,1
39,34D1573,1083,271,1122,327,5
39,34D1573,1153,272,1186,324,7
39,34D1573,1182,272,1211,320,3
40,H3768,582,289,626,356,H
40,H3768,612,287,652,353,3
40,H3768,526,350,583,424,7
40,H3768,575,355,621,419,6
40,H3768,615,352,664,416,8
40,37,1064,219,1100,276,3
40,37,1136,264,1181,321,7
41,368,598,286,639,352,3
41,368,558,354,611,419,6
41,368,601,351,651,417,8
41,32,1053,219,1088,276,3
41,32,1157,264,1199,320,2
42,AH368,554,289,597,356,A
42,AH368,556,290,597,356,H
42,AH368,586,286,624,352,3
42,AH368,549,356,594,420,6
42,AH368,593,353,634,417,8
42,3,1043,218,1077,273,3
43,H31768,550,291,585,356,H
43,H31768,578,287,612,353,3
43,H31768,462,356,510,427,1
43,H31768,498,357,544,425,7
43,H31768,545,359,586,421,6
43,H31768,587,355,622,417,8
43,3A4173,1037,215,1070,270,3
43,3A4173,1061,214,1097,269,A
43,3A4173,1061,215,1096,269,4
43,3A4173,1136,211,1162,266,1
43,3A4173,1113,266,1150,319,7
43,3A4173,1144,266,1176,316,3
44,H31768,550,291,585,356,H
44,H31768,578,287,612,353,3
44,H31768,462,356,510,427,1
44,H31768,498,357,544,425,7
44,H31768,545,359,586,421,6
44,H31768,587,355,622,417,8
44,3A4173,1037,215,1070,270,3
44,3A4173,1061,214,1096,269,A
44,3A4173,1061,215,1096,269,4
44,3A4173,1136,211,1162,266,1
44,3A4173,1113,265,1150,319,7
44,3A4173,1144,266,1176,316,3
45,3,1023,225,1060,283,3
45,H31768,535,305,573,373,H
45,H31768,564,301,601,367,3
45,H31768,443,370,495,439,1
45,H31768,481,368,535,439,7
45,H31768,528,373,572,434,6
45,H31768,568,369,614,431,8
46,AH31768,521,309,560,376,A
46,AH31768,524,310,560,375,H
46,AH31768,553,306,587,372,3
46,AH31768,436,374,486,444,1
46,AH31768,473,373,522,442,7
46,AH31768,519,378,560,438,6
46,AH31768,559,374,601,435,8
46,3,1012,229,1048,286,3
47,343,1008,233,1040,288,3
47,343,1032,232,1068,287,4
47,343,1116,282,1146,332,3
47,H3768,517,315,551,380,H
47,H3768,545,312,580,376,3
47,H3768,468,381,515,448,7
47,H3768,513,382,552,443,6
47,H3768,555,379,591,440,8
48,34D173,1006,236,1038,291,3
48,34D173,1031,235,1063,289,4
48,34D173,1078,233,1111,287,D
48,34D173,1104,231,1132,283,1
48,34D173,1087,284,1119,337,7
48,34D173,1114,283,1144,334,3
48,H376B8,513,317,547,383,H
48,H376B8,542,315,576,379,3
48,H376B8,465,384,512,451,7
48,H376B8,510,385,547,446,6
48,H376B8,551,382,586,442,B
48,H376B8,551,383,587,443,8
49,AH3768,503,314,543,382,A
49,AH3768,505,314,542,382,H
49,AH3768,534,311,570,377,3
49,AH3768,456,382,504,450,7
49,AH3768,501,382,544,446,6
49,AH3768,544,380,584,442,8
49,313,1000,235,1034,289,3
49,313,1099,230,1126,283,1
49,313,1107,282,1142,332,3
50,3D13,1000,234,1034,289,3
50,3D13,1071,231,1106,285,D
50,3D13,1099,230,1126,283,1
50,3D13,1107,282,1142,332,3
50,AH3768,504,316,543,383,A
50,AH3768,506,316,542,382,H
50,AH3768,535,313,570,377,3
50,AH3768,456,381,508,451,7
50,AH3768,499,382,545,446,6
50,AH3768,541,381,584,443,8
51,3A41,986,235,1020,288,3
51,3A41,1011,233,1046,286,A
51,3A41,1011,234,1047,286,4
51,3A41,1085,229,1113,283,1
51,H3768,489,319,527,385,H
51,H3768,518,316,556,381,3
51,H3768,438,384,492,454,7
51,H3768,484,385,529,449,6
51,H3768,524,383,568,446,8
52,3A4D17,980,236,1012,288,3
52,3A4D17,1004,234,1039,287,A
52,3A4D17,1005,234,1039,287,4
52,3A4D17,1051,231,1086,285,D
52,3A4D17,1078,230,1106,283,1
52,3A4D17,1059,281,1097,336,7
52,H3768,481,320,518,387,H
52,H3768,510,317,548,382,3
52,H3768,429,386,484,456,7
52,H3768,476,386,521,451,6
52,H3768,516,383,561,447,8
53,WH3768,473,322,511,390,W
53,WH3768,474,322,511,389,H
53,WH3768,502,319,540,384,3
53,WH3768,422,389,476,458,7
53,WH3768,468,388,515,452,6
53,WH3768,510,385,554,448,8
53,34D1,974,237,1005,288,3
53,34D1,997,236,1032,286,4
53,34D1,1047,231,1079,285,D
53,34D1,1073,230,1099,283,1
54,H3768,465,325,504,392,H
54,H3768,494,322,533,388,3
54,H3768,411,389,471,461,7
54,H3768,459,390,508,455,6
54,H3768,499,387,547,452,8
54,3,966,237,999,290,3
55,H3768,465,325,504,392,H
55,H3768,494,322,533,388,3
55,H3768,411,389,471,461,7
55,H3768,459,390,508,455,6
55,H3768,499,387,547,452,8
55,3,966,237,999,290,3
56,3A41,950,242,983,295,3
56,3A41,973,240,1009,294,A
56,3A41,973,241,1009,294,4
56,3A41,1047,236,1076,289,1
56,H3768,443,332,483,400,H
56,H3768,473,328,514,395,3
56,H3768,393,400,449,469,7
56,H3768,439,398,489,464,6
56,H3768,481,394,526,459,8
57,3H3768,348,346,393,414,3
57,3H3768,437,338,476,405,H
57,3H3768,466,333,505,402,3
57,3H3768,390,408,441,475,7
57,3H3768,432,404,478,469,6
57,3H3768,475,401,520,464,8
57,34A173,943,247,977,300,3
57,34A173,967,247,1004,299,4
57,34A173,968,246,1003,299,A
57,34A173,1040,237,1071,295,1
57,34A173,1026,293,1061,346,7
57,34A173,1052,293,1085,344,3
58,34A1157,938,250,970,301,3
58,34A1157,961,249,996,300,4
58,34A1157,962,248,995,300,A
58,34A1157,1034,242,1064,296,1
58,34A1157,920,300,956,351,1
58,34A1157,948,296,991,351,5
58,34A1157,1017,294,1054,348,7
58,3HW3768,339,349,388,416,3
58,3HW3768,428,340,467,408,H
58,3HW3768,428,340,467,408,W
58,3HW3768,458,337,495,403,3
58,3HW3768,381,409,433,476,7
58,3HW3768,423,406,472,471,6
58,3HW3768,465,403,509,465,8
59,34AD1573,932,250,962,301,3
59,34AD1573,956,247,989,299,4
59,34AD1573,956,247,988,299,A
59,34AD1573,1002,245,1036,298,D
59,34AD1573,1028,241,1058,296,1
59,34AD1573,942,294,984,351,5
59,34AD1573,1011,293,1047,347,7
59,34AD1573,1037,293,1074,345,3
59,3H3768,330,348,379,414,3
59,3H3768,418,339,459,406,H
59,3H3768,449,335,486,401,3
59,3H3768,371,408,424,475,7
59,3H3768,414,405,464,470,6
59,3H3768,456,401,501,464,8
60,34AD1573,932,249,962,300,3
60,34AD1573,956,247,989,299,4
60,34AD1573,956,247,988,299,A
60,34AD1573,1002,245,1037,298,D
60,34AD1573,1027,241,1058,296,1
60,34AD1573,942,294,983,351,5
60,34AD1573,1011,293,1047,347,7
60,34AD1573,1037,293,1074,345,3
60,3WH3768,330,348,380,414,3
60,3WH3768,417,339,459,407,W
60,3WH3768,418,339,459,406,H
60,3WH3768,449,335,486,401,3
60,3WH3768,372,408,424,475,7
60,3WH3768,414,405,463,469,6
60,3WH3768,456,401,500,464,8
61,313,915,248,951,303,3
61,313,1012,241,1046,296,1
61,313,1018,287,1064,346,3
61,376S,421,329,471,396,3
61,376S,342,394,404,466,7
61,376S,389,393,445,462,6
61,376S,428,385,483,459,S
62,33,904,243,940,296,3
62,33,1008,282,1053,339,3
62,3768,406,319,456,390,3
62,3768,327,389,392,462,7
62,3768,375,386,433,456,6
62,3768,414,377,472,454,8
63,3768,395,318,443,387,3
63,3768,316,385,379,461,7
63,3768,362,386,421,454,6
63,3768,402,380,459,451,8
63,33,896,242,928,293,3
63,33,999,286,1037,336,3
64,313,886,239,917,292,3
64,313,984,233,1011,285,1
64,313,991,282,1028,335,3
64,333768,256,325,319,400,3
64,333768,270,330,318,398,3
64,333768,385,316,430,384,3
64,333768,302,382,368,458,7
64,333768,351,383,405,452,6
64,333768,391,374,444,449,8
65,313,886,239,917,292,3
65,313,984,233,1011,285,1
65,313,991,282,1028,335,3
65,333768,256,325,319,400,3
65,333768,270,330,318,398,3
65,333768,385,316,430,384,3
65,333768,302,382,368,458,7
65,333768,351,383,405,452,6
65,333768,391,374,444,449,8
66,3768,360,306,411,378,3
66,3768,284,378,344,450,7
66,3768,329,376,384,445,6
66,3768,369,367,428,441,8
66,33,867,230,903,285,3
66,33,973,274,1016,328,3
67,378,346,305,398,377,3
67,378,269,377,333,450,7
67,378,354,367,412,440,8
67,33,857,231,893,285,3
67,33,961,273,1004,328,3
68,378,330,309,383,376,3
68,378,261,379,319,450,7
68,378,341,369,398,442,8
68,33,845,232,880,285,3
68,33,951,273,992,327,3
69,378,316,304,374,375,3
69,378,244,374,309,451,7
69,378,330,363,390,440,8
69,33,836,227,871,283,3
69,33,943,271,988,324,3
70,33,828,228,861,282,3
70,33,932,269,973,323,3
70,3768,303,305,361,375,3
70,3768,235,373,297,449,7
70,3768,279,373,336,443,6
70,3768,317,362,374,440,8
71,3,815,229,849,284,3
71,3768,285,302,352,374,3
71,3768,223,374,281,447,7
71,3768,263,373,325,442,6
71,3768,302,361,362,439,8
72,3,805,227,837,281,3
72,368,267,289,339,373,3
72,368,248,368,313,443,6
72,368,285,359,351,440,8
73,3,805,227,838,280,3
73,3768,269,303,334,374,3
73,3768,205,371,268,446,7
73,3768,249,370,311,442,6
73,3768,286,359,350,439,8
74,3,786,229,819,280,3
74,368,249,306,314,380,3
74,368,227,375,290,447,6
74,368,265,364,328,443,8
75,3Y68,234,294,303,377,3
75,3Y68,167,374,232,453,Y
75,3Y68,213,374,274,447,6
75,3Y68,250,361,313,442,8
75,33,775,226,809,279,3
75,33,879,267,927,320,3
76,Y68,167,374,232,453,Y
76,Y68,214,375,273,447,6
76,Y68,251,363,314,442,8
76,33,775,226,809,279,3
76,33,879,267,927,320,3
77,3268,227,306,291,379,3
77,3268,227,306,292,379,2
77,3268,201,375,266,447,6
77,3268,240,365,304,443,8
77,3,764,224,800,278,3
78,3768,213,307,276,381,3
78,3768,140,379,207,459,7
78,3768,188,377,252,449,6
78,3768,228,366,289,446,8
78,33,753,224,789,279,3
78,33,858,264,904,318,3
79,68,170,375,238,450,6
79,68,211,364,275,445,8
79,3,739,222,778,279,3
80,768,110,377,175,458,7
80,768,156,379,219,449,6
80,768,198,369,258,445,8
80,33,727,220,764,273,3
80,33,832,258,876,312,3
81,3768,174,306,229,381,3
81,3768,104,382,162,459,7
81,3768,145,378,210,453,6
81,3768,185,370,247,448,8
81,3A13,720,220,753,271,3
81,3A13,739,217,779,271,A
81,3A13,812,209,844,263,1
81,3A13,825,258,864,311,3
82,3A413,702,218,732,269,3
82,3A413,723,216,758,265,A
82,3A413,725,216,758,266,4
82,3A413,793,207,824,260,1
82,3A413,807,256,843,308,3
82,37168,142,311,201,390,3
82,37168,77,384,138,464,7
82,37168,77,386,137,463,1
82,37168,121,378,188,456,6
82,37168,160,372,219,451,8
83,3A413,701,218,732,269,3
83,3A413,723,216,757,265,A
83,3A413,724,216,757,267,4
83,3A413,793,206,822,259,1
83,3A413,807,255,843,307,3
83,37168,141,311,201,390,3
83,37168,77,384,138,464,7
83,37168,77,385,137,463,1
83,37168,121,378,188,456,6
83,37168,160,372,219,451,8
84,88176,52,327,98,398,8
84,88176,153,372,211,453,8
84,88176,29,393,86,467,1
84,88176,65,387,129,465,7
84,88176,112,379,180,457,6
84,3A4135,694,218,724,269,3
84,3A4135,716,216,750,265,A
84,3A4135,717,216,749,266,4
84,3A4135,786,206,816,260,1
84,3A4135,799,256,836,308,3
84,3A4135,707,263,747,318,5
85,766,56,387,118,465,7
85,766,100,374,169,458,6
85,766,140,372,204,453,6
85,313,682,217,716,269,3
85,313,775,205,806,258,1
85,313,789,254,827,308,3
86,3,777,251,818,305,3
86,26,42,388,102,466,2
86,26,81,373,152,459,6
87,2,30,392,85,469,2
88,202,64,313,143,398,2
88,202,15,398,71,477,0
88,202,17,397,73,475,2
89,206,41,318,120,407,2
89,206,0,402,49,480,0
89,206,34,389,97,474,6
90,26,28,321,106,405,2
90,26,20,394,83,475,6
93,3,589,215,621,268,3
94,31,583,217,612,269,3
94,31,672,204,704,257,1
94,174,994,347,1023,391,1
94,174,1032,344,1069,391,7
94,174,1084,300,1125,385,4
95,341,574,219,603,270,3
95,341,597,217,631,269,4
95,341,663,206,694,259,1
95,1674,988,347,1014,392,1
95,1674,1007,347,1037,392,6
95,1674,1028,345,1060,391,7
95,1674,1076,297,1117,385,4
95,6,0,386,55,467,6
96,3413151,565,220,594,271,3
96,3413151,588,217,619,269,4
96,3413151,655,206,683,259,1
96,3413151,670,255,708,308,3
96,3413151,559,272,587,323,1
96,3413151,584,264,617,319,5
96,3413151,644,257,681,313,1
96,1367K1,983,346,1006,391,1
96,1367K1,995,302,1020,346,3
96,1367K1,1001,345,1030,390,6
96,1367K1,1022,342,1050,389,7
96,1367K1,1049,298,1075,345,K
96,1367K1,1068,297,1088,343,1
97,3413151,565,220,593,271,3
97,3413151,587,217,619,269,4
97,3413151,654,207,683,260,1
97,3413151,671,256,708,309,3
97,3413151,559,272,588,323,1
97,3413151,584,265,618,319,5
97,3413151,645,258,681,313,1
97,1367K1,981,345,1006,391,1
97,1367K1,996,302,1018,346,3
97,1367K1,1002,345,1029,390,6
97,1367K1,1021,342,1052,389,7
97,1367K1,1047,296,1076,345,K
97,1367K1,1067,297,1088,344,1
98,34131517,557,219,588,271,3
98,34131517,579,217,614,268,4
98,34131517,647,206,676,260,1
98,34131517,664,255,700,308,3
98,34131517,550,271,582,323,1
98,34131517,576,265,612,319,5
98,34131517,638,257,675,313,1
98,34131517,638,257,674,313,7
98,1367K1,976,344,1001,390,1
98,1367K1,990,302,1012,346,3
98,1367K1,995,345,1024,389,6
98,1367K1,1014,341,1048,388,7
98,1367K1,1043,297,1071,345,K
98,1367K1,1062,297,1100,372,1
99,34D1315A17,551,219,580,271,3
99,34D1315A17,574,216,605,267,4
99,34D1315A17,618,208,649,263,D
99,34D1315A17,641,205,669,258,1
99,34D1315A17,657,254,691,306,3
99,34D1315A17,544,272,574,322,1
99,34D1315A17,570,266,604,318,5
99,34D1315A17,599,263,633,314,A
99,34D1315A17,632,256,667,312,1
99,34D1315A17,632,256,666,313,7
99,1367K,966,341,996,389,1
99,1367K,983,298,1007,344,3
99,1367K,988,342,1019,387,6
99,1367K,1007,339,1042,386,7
99,1367K,1036,294,1068,342,K
100,34171315,544,220,574,272,3
100,34171315,567,217,601,270,4
100,34171315,625,256,661,313,1
100,34171315,626,256,661,313,7
100,34171315,634,206,663,259,1
100,34171315,650,254,686,308,3
100,34171315,539,273,569,324,1
100,34171315,563,267,599,320,5
100,1367K,963,343,989,389,1
100,1367K,977,299,1002,343,3
100,1367K,984,342,1012,388,6
100,1367K,1004,339,1034,385,7
100,1367K,1032,294,1059,342,K
101,35,522,224,557,277,3
101,35,539,268,581,326,5
101,K167,1004,286,1045,344,K
101,K167,942,341,973,389,1
101,K167,961,341,997,388,6
101,K167,984,341,1021,387,7
102,35,522,224,557,277,3
102,35,539,268,581,326,5
102,K167,1004,286,1045,344,K
102,K167,942,341,973,389,1
102,K167,962,341,997,388,6
102,K167,984,341,1021,387,7
103,3A115,516,225,546,276,3
103,3A115,536,220,574,273,A
103,3A115,605,210,639,264,1
103,3A115,508,276,542,329,1
103,3A115,535,270,574,325,5
103,167,936,342,966,388,1
103,167,956,342,989,389,6
103,167,976,341,1012,387,7
104,3T135,504,224,540,276,3
104,3T135,596,207,633,261,T
104,3T135,596,207,633,261,1
104,3T135,612,256,654,310,3
104,3T135,525,265,568,323,5
104,16,930,338,958,384,1
104,16,950,339,980,384,6
105,1353,488,271,524,326,1
105,1353,492,222,528,275,3
105,1353,515,264,556,323,5
105,1353,602,254,643,309,3
105,67,940,336,971,382,6
105,67,961,334,994,380,7
106,356,468,215,507,268,3
106,356,491,255,537,316,5
106,356,580,243,624,302,6
106,6,920,326,953,374,6
107,356,468,215,507,268,3
107,356,491,256,538,316,5
107,356,580,243,624,301,6
107,6,920,326,954,374,6
108,53,479,253,528,315,5
108,53,568,240,611,299,3
109,3153,442,206,484,262,3
109,3153,540,188,578,245,1
109,3153,467,250,509,311,5
109,3153,562,239,600,294,3
109,136,882,317,909,363,1
109,136,893,274,919,320,3
109,136,902,317,934,362,6
110,31153,436,205,475,260,3
110,31153,534,185,570,241,1
110,31153,433,257,473,314,1
110,31153,461,250,504,309,5
110,31153,553,236,595,294,3
110,136,877,311,904,358,1
110,136,888,269,912,314,3
110,136,897,311,929,356,6
111,135,422,253,463,312,1
111,135,424,205,470,260,3
111,135,451,246,495,307,5
111,6K1,889,306,919,353,6
111,6K1,933,256,967,304,K
111,6K1,869,307,896,354,1
112,31A1FT315A,402,203,444,258,3
112,31A1FT315A,427,195,471,253,1
112,31A1FT315A,428,196,472,252,A
112,31A1FT315A,494,234,536,293,1
112,31A1FT315A,495,233,535,293,F
112,31A1FT315A,502,184,538,238,T
112,31A1FT315A,521,231,564,288,3
112,31A1FT315A,403,254,441,313,1
112,31A1FT315A,431,245,473,306,5
112,31A1FT315A,462,241,504,298,A
112,36FK91,862,257,887,303,3
112,36FK91,872,299,902,344,6
112,36FK91,891,296,921,342,F
112,36FK91,916,249,944,298,K
112,36FK91,923,288,950,337,9
112,36FK91,852,300,879,346,1
113,31A1F315,401,199,444,258,3
113,31A1F315,427,194,471,253,1
113,31A1F315,427,195,472,252,A
113,31A1F315,494,233,536,293,1
113,31A1F315,495,233,536,292,F
113,31A1F315,519,228,565,288,3
113,31A1F315,404,254,441,313,1
113,31A1F315,431,245,473,306,5
113,36K91,862,257,887,303,3
113,36K91,871,298,903,344,6
113,36K91,915,249,945,298,K
113,36K91,921,289,951,337,9
113,36K91,853,300,879,346,1
114,353,388,203,435,260,3
114,353,417,243,469,306,5
114,353,508,230,559,289,3
114,367K,854,255,880,302,3
114,367K,864,295,895,342,6
114,367K,884,292,917,341,7
114,367K,907,246,937,295,K
115,6K,854,293,885,339,6
115,6K,895,243,929,291,K
115,3153,374,203,424,259,3
115,3153,376,252,420,310,1
115,3153,406,243,457,307,5
115,3153,496,226,547,288,3
116,36F7K9,836,250,861,296,3
116,36F7K9,847,292,877,339,6
116,36F7K9,865,290,898,337,F
116,36F7K9,866,290,900,337,7
116,36F7K9,890,242,918,289,K
116,36F7K9,899,282,926,330,9
116,3AL10D1T31541,367,202,409,258,3
116,3AL10D1T31541,395,194,437,252,A
116,3AL10D1T31541,395,195,438,253,L
116,3AL10D1T31541,395,195,438,253,1
116,3AL10D1T31541,441,184,481,245,0
116,3AL10D1T31541,442,184,481,245,D
116,3AL10D1T31541,467,179,507,238,1
116,3AL10D1T31541,468,180,508,237,T
116,3AL10D1T31541,490,229,533,288,3
116,3AL10D1T31541,368,255,409,314,1
116,3AL10D1T31541,398,248,439,308,5
116,3AL10D1T31541,430,241,472,299,4
116,3AL10D1T31541,463,232,503,293,1
117,31135,357,203,403,260,3
117,31135,454,229,497,294,1
117,31135,459,180,500,237,1
117,31135,481,227,526,289,3
117,31135,389,246,434,308,5
117,136TKX,819,291,850,341,1
117,136TKX,828,248,855,297,3
117,136TKX,839,288,873,337,6
117,136TKX,860,285,898,336,T
117,136TKX,881,241,913,289,K
117,136TKX,882,241,912,289,X
118,36K1,820,248,846,296,3
118,36K1,831,287,865,337,6
118,36K1,872,237,911,289,K
118,36K1,810,290,841,340,1
118,135,446,179,491,238,1
118,135,467,226,518,290,3
118,135,377,244,425,310,5
125,340D115A413,227,212,271,274,3
125,340D115A413,257,204,300,267,4
125,340D115A413,306,195,347,257,0
125,340D115A413,307,194,347,257,D
125,340D115A413,334,186,374,250,1
125,340D115A413,227,268,274,333,1
125,340D115A413,261,261,306,326,5
125,340D115A413,295,254,337,317,A
125,340D115A413,295,254,337,317,4
125,340D115A413,332,243,373,309,1
125,340D115A413,363,239,405,302,3
125,35K91167,738,252,761,298,3
125,35K91167,754,248,782,295,5
125,35K91167,792,242,819,291,K
125,35K91167,803,284,829,331,9
125,35K91167,811,239,834,287,1
125,35K91167,730,298,757,346,1
125,35K91167,750,296,778,342,6
125,35K91167,772,290,801,338,7
126,340D1154A13,227,212,270,274,3
126,340D1154A13,257,204,301,267,4
126,340D1154A13,306,195,347,258,0
126,340D1154A13,307,194,347,257,D
126,340D1154A13,334,186,374,250,1
126,340D1154A13,229,268,274,333,1
126,340D1154A13,261,261,305,326,5
126,340D1154A13,295,253,337,317,4
126,340D1154A13,295,254,337,317,A
126,340D1154A13,332,243,374,310,1
126,340D1154A13,364,239,404,302,3
126,35K91167,738,252,761,297,3
126,35K91167,754,248,783,295,5
126,35K91167,792,242,819,291,K
126,35K91167,802,284,829,331,9
126,35K91167,810,239,834,287,1
126,35K91167,730,298,757,346,1
126,35K91167,750,297,778,342,6
126,35K91167,772,290,801,339,7
127,30D15A1F3,214,211,265,279,3
127,30D15A1F3,295,194,341,260,0
127,30D15A1F3,296,193,341,260,D
127,30D15A1F3,324,185,370,252,1
127,30D15A1F3,249,259,299,329,5
127,30D15A1F3,285,253,333,318,A
127,30D15A1F3,322,244,367,311,1
127,30D15A1F3,323,243,367,310,F
127,30D15A1F3,354,239,400,306,3
127,37K116,730,253,756,299,3
127,37K116,763,289,799,339,7
127,37K116,784,242,816,293,K
127,37K116,803,239,830,289,1
127,37K116,721,296,752,346,1
127,37K116,743,294,774,342,6
128,K1,770,239,819,296,K
128,K1,707,298,744,350,1
128,5F,228,260,292,334,5
128,5F,300,243,359,316,F
129,71,695,302,731,356,7
129,71,695,303,731,357,1
129,T,282,248,339,319,T
130,2K,670,240,709,358,2
130,2K,745,243,796,305,K
130,5,193,271,257,349,5
131,5F3,182,276,242,351,5
131,5F3,250,258,311,332,F
131,5F3,289,259,347,323,3
132,1Y5A113,237,208,290,279,1
132,1Y5A113,116,295,185,365,Y
132,1Y5A113,157,287,214,360,5
132,1Y5A113,193,273,253,350,A
132,1Y5A113,194,275,252,350,1
132,1Y5A113,231,267,285,341,1
132,1Y5A113,265,265,325,332,3
132,K1167,720,256,757,311,K
132,K1167,742,252,772,308,1
132,K1167,656,313,695,369,1
132,K1167,681,309,714,362,6
132,K1167,700,307,742,359,7
133,15A113,237,208,290,278,1
133,15A113,157,287,214,360,5
133,15A113,192,273,253,350,A
133,15A113,193,275,252,350,1
133,15A113,231,267,285,341,1
133,15A113,265,265,325,332,3
133,K11Y7,721,259,756,312,K
133,K11Y7,743,255,771,308,1
133,K11Y7,656,313,696,369,1
133,K11Y7,658,313,698,368,Y
133,K11Y7,698,307,741,358,7
134,154A13,222,211,278,282,1
134,154A13,144,290,201,364,5
134,154A13,180,281,239,352,4
134,154A13,181,279,240,352,A
134,154A13,221,271,274,343,1
134,154A13,253,268,313,335,3
134,K1,712,258,749,313,K
134,K1,649,315,685,369,1
135,115A413,211,212,265,284,1
135,115A413,86,300,154,371,1
135,115A413,128,291,189,365,5
135,115A413,168,281,227,355,A
135,115A413,169,283,228,355,4
135,115A413,209,272,264,346,1
135,115A413,241,268,301,337,3
135,K17T,701,252,746,313,K
135,K17T,640,315,675,369,1
135,K17T,685,309,725,362,7
135,K17T,686,309,724,361,T
136,11Y15A4713,199,211,253,329,1
136,11Y15A4713,200,213,253,284,1
136,11Y15A4713,201,213,253,283,Y
136,11Y15A4713,80,301,140,372,1
136,11Y15A4713,117,292,175,366,5
136,11Y15A4713,154,282,215,358,A
136,11Y15A4713,155,282,216,357,4
136,11Y15A4713,196,273,249,345,7
136,11Y15A4713,197,273,249,346,1
136,11Y15A4713,230,268,287,338,3
136,37K1,641,274,671,325,3
136,37K1,676,311,717,363,7
136,37K1,697,261,734,314,K
136,37K1,633,318,666,371,1
137,3D115A4713,66,241,124,315,3
137,3D115A4713,155,219,208,289,D
137,3D115A4713,189,211,240,281,1
137,3D115A4713,73,302,127,374,1
137,3D115A4713,107,293,162,366,5
137,3D115A4713,144,282,199,354,A
137,3D115A4713,144,284,202,356,4
137,3D115A4713,186,272,238,345,7
137,3D115A4713,187,273,238,345,1
137,3D115A4713,221,268,275,336,3
137,35K91167,635,272,662,321,3
137,35K91167,653,269,685,318,5
137,35K91167,694,262,723,313,K
137,35K91167,702,303,735,354,9
137,35K91167,713,259,737,309,1
137,35K91167,629,319,658,369,1
137,35K91167,651,317,679,365,6
137,35K91167,673,310,705,360,7
138,35K915F167,624,273,651,322,3
138,35K915F167,642,270,674,319,5
138,35K915F167,683,262,712,313,K
138,35K915F167,693,305,726,356,9
138,35K915F167,701,258,726,310,1
138,35K915F167,713,302,748,351,5
138,35K915F167,714,302,748,351,F
138,35K915F167,618,322,647,371,1
138,35K915F167,641,319,669,366,6
138,35K915F167,663,312,695,362,7
138,31D115A413,49,243,106,316,3
138,31D115A413,82,236,138,308,1
138,31D115A413,139,222,191,293,D
138,31D115A413,172,212,226,285,1
138,31D115A413,56,306,110,377,1
138,31D115A413,90,295,145,370,5
138,31D115A413,126,285,186,359,A
138,31D115A413,127,287,189,360,4
138,31D115A413,170,276,223,349,1
138,31D115A413,203,271,261,339,3
139,35K91F167,624,273,651,322,3
139,35K91F167,642,270,674,319,5
139,35K91F167,683,261,712,313,K
139,35K91F167,693,305,725,356,9
139,35K91F167,702,258,726,310,1
139,35K91F167,713,301,748,352,F
139,35K91F167,618,322,647,371,1
139,35K91F167,641,319,669,366,6
139,35K91F167,663,312,695,362,7
139,3D115A413,48,244,106,315,3
139,3D115A413,139,222,192,293,D
139,3D115A413,172,212,227,285,1
139,3D115A413,56,306,110,377,1
139,3D115A413,89,294,145,370,5
139,3D115A413,126,285,185,359,A
139,3D115A413,127,287,188,360,4
139,3D115A413,170,276,223,349,1
139,3D115A413,203,271,262,338,3
140,35K91F54167,618,272,647,322,3
140,35K91F54167,637,268,670,319,5
140,35K91F54167,677,260,708,312,K
140,35K91F54167,690,303,721,355,9
140,35K91F54167,697,257,722,309,1
140,35K91F54167,709,300,744,350,F
140,35K91F54167,709,301,744,350,5
140,35K91F54167,612,321,643,370,4
140,35K91F54167,614,321,643,369,1
140,35K91F54167,637,318,666,366,6
140,35K91F54167,658,312,690,361,7
140,301154173,42,245,98,319,3
140,301154173,131,223,183,294,0
140,301154173,164,213,217,285,1
140,301154173,50,307,102,376,1
140,301154173,83,295,138,369,5
140,301154173,121,285,177,359,4
140,301154173,163,276,215,350,1
140,301154173,163,276,214,349,7
140,301154173,198,272,253,340,3
141,34DA1115413,35,249,92,322,3
141,34DA1115413,68,241,126,312,4
141,34DA1115413,123,225,176,298,D
141,34DA1115413,154,214,209,290,A
141,34DA1115413,154,215,210,289,1
141,34DA1115413,155,242,210,355,1
141,34DA1115413,44,311,99,384,1
141,34DA1115413,77,300,133,375,5
141,34DA1115413,115,291,173,363,4
141,34DA1115413,158,280,208,353,1
141,34DA1115413,190,275,248,343,3
141,35K91F54167,614,272,643,322,3
141,35K91F54167,632,269,667,319,5
141,35K91F54167,671,260,705,313,K
141,35K91F54167,683,303,719,355,9
141,35K91F54167,691,257,720,307,1
141,35K91F54167,705,299,743,351,F
141,35K91F54167,705,299,743,350,5
141,35K91F54167,606,322,638,371,4
141,35K91F54167,609,321,637,370,1
141,35K91F54167,632,318,660,366,6
141,35K91F54167,654,311,687,361,7
142,301153413,27,251,84,328,3
142,301153413,113,229,167,304,0
142,301153413,146,221,197,292,1
142,301153413,34,317,88,389,1
142,301153413,67,304,125,382,5
142,301153413,67,304,125,382,3
142,301153413,106,295,163,368,4
142,301153413,148,284,200,358,1
142,301153413,180,279,243,347,3
142,3K9154167,607,272,637,323,3
142,3K9154167,666,259,699,313,K
142,3K9154167,676,303,712,356,9
142,3K9154167,686,256,714,309,1
142,3K9154167,699,298,736,348,5
142,3K9154167,600,322,633,372,4
142,3K9154167,603,321,633,371,1
142,3K9154167,625,318,655,366,6
142,3K9154167,647,312,682,363,7
143,35K91F16,604,272,632,321,3
143,35K91F16,622,266,656,317,5
143,35K91F16,660,257,696,310,K
143,35K91F16,674,298,710,356,9
143,35K91F16,680,253,712,304,1
143,35K91F16,694,295,734,351,F
143,35K91F16,599,319,628,370,1
143,35K91F16,618,316,652,366,6
143,340D1N15413,19,254,76,329,3
143,340D1N15413,52,248,108,319,4
143,340D1N15413,105,231,160,304,0
143,340D1N15413,106,230,160,304,D
143,340D1N15413,137,220,192,294,1
143,340D1N15413,206,205,247,349,N
143,340D1N15413,29,317,84,389,1
143,340D1N15413,62,305,119,382,5
143,340D1N15413,99,297,154,368,4
143,340D1N15413,139,284,196,357,1
143,340D1N15413,171,279,238,347,3
144,3KY46,591,266,624,321,3
144,3KY46,649,254,689,310,K
144,3KY46,668,251,706,302,Y
144,3KY46,585,316,623,369,4
144,3KY46,611,312,648,364,6
144,51,45,308,110,386,5
144,51,118,287,185,364,1
145,3Y46,591,268,623,321,3
145,3Y46,669,252,707,302,Y
145,3Y46,585,316,622,369,4
145,3Y46,611,311,647,364,6
145,51,45,308,110,386,5
145,51,119,287,185,364,1
146,16,576,317,608,370,1
146,16,597,311,634,364,6
146,5,25,302,91,388,5
147,316F,567,269,602,322,3
147,316F,567,316,599,369,1
147,316F,588,312,623,365,6
147,316F,611,305,649,360,F
147,AA15A4123,50,234,119,349,A
147,AA15A4123,54,235,118,312,A
147,AA15A4123,86,228,150,299,1
147,AA15A4123,12,316,77,391,5
147,AA15A4123,52,305,112,378,A
147,AA15A4123,53,301,111,379,4
147,AA15A4123,86,293,148,366,1
147,AA15A4123,129,281,198,356,2
147,AA15A4123,130,283,195,354,3
148,3K1167,560,269,594,322,3
148,3K1167,619,256,655,309,K
148,3K1167,641,252,672,303,1
148,3K1167,560,318,589,369,1
148,3K1167,582,315,613,365,6
148,3K1167,604,309,640,361,7
148,A01541234,45,238,103,314,A
148,A01541234,47,238,102,313,0
148,A01541234,78,230,133,299,1
148,A01541234,2,319,64,393,5
148,A01541234,44,311,98,380,4
148,A01541234,84,294,137,367,1
148,A01541234,119,282,183,357,2
148,A01541234,119,284,182,356,3
148,A01541234,119,284,182,357,4
149,35K91F54167,557,272,588,321,3
149,35K91F54167,576,266,613,318,5
149,35K91F54167,614,254,650,310,K
149,35K91F54167,628,298,665,352,9
149,35K91F54167,636,252,669,304,1
149,35K91F54167,652,295,690,349,F
149,35K91F54167,652,295,690,349,5
149,35K91F54167,652,295,689,349,4
149,35K91F54167,555,320,585,371,1
149,35K91F54167,577,316,608,365,6
149,35K91F54167,600,308,633,362,7
149,0154113,39,240,94,316,0
149,0154113,71,231,124,302,1
149,0154113,0,320,57,394,5
149,0154113,36,310,92,384,4
149,0154113,36,311,92,383,1
149,0154113,78,296,129,368,1
149,0154113,110,286,170,357,3
150,35K91F54167,553,272,584,321,3
150,35K91F54167,573,266,608,317,5
150,35K91F54167,611,255,646,310,K
150,35K91F54167,624,298,661,354,9
150,35K91F54167,633,252,664,303,1
150,35K91F54167,648,295,685,349,F
150,35K91F54167,648,295,685,349,5
150,35K91F54167,648,295,685,349,4
150,35K91F54167,550,320,580,371,1
150,35K91F54167,572,315,604,365,6
150,35K91F54167,595,308,630,362,7
150,0154113,33,239,88,315,0
150,0154113,64,229,120,302,1
150,0154113,0,286,50,392,5
150,0154113,30,312,89,383,4
150,0154113,31,311,89,383,1
150,0154113,72,296,125,370,1
150,0154113,107,287,167,358,3
151,3K91F4167,543,278,575,330,3
151,3K91F4167,603,263,638,318,K
151,3K91F4167,618,307,653,360,9
151,3K91F4167,625,260,654,312,1
151,3K91F4167,640,303,677,357,F
151,3K91F4167,640,303,677,359,4
151,3K91F4167,541,327,570,378,1
151,3K91F4167,564,323,597,373,6
151,3K91F4167,588,317,620,369,7
151,01A413,21,246,76,321,0
151,01A413,54,237,106,309,1
151,01A413,20,321,78,389,A
151,01A413,21,320,79,390,4
151,01A413,60,301,115,374,1
151,01A413,95,292,156,366,3
152,3K914F167,544,278,575,329,3
152,3K914F167,603,263,638,318,K
152,3K914F167,617,307,652,360,9
152,3K914F167,625,260,654,313,1
152,3K914F167,640,303,677,358,4
152,3K914F167,641,303,677,356,F
152,3K914F167,542,327,570,378,1
152,3K914F167,565,323,596,372,6
152,3K914F167,589,317,620,369,7
152,015L413,21,246,78,319,0
152,015L413,53,237,106,308,1
152,015L413,1,330,42,397,5
152,015L413,19,319,79,389,L
152,015L413,20,320,78,389,4
152,015L413,59,301,114,375,1
152,015L413,94,292,156,366,3
153,35KX915EF167F,541,281,572,331,3
153,35KX915EF167F,558,275,597,328,5
153,35KX915EF167F,599,266,634,321,K
153,35KX915EF167F,600,266,634,321,X
153,35KX915EF167F,613,309,649,363,9
153,35KX915EF167F,622,263,650,315,1
153,35KX915EF167F,636,305,673,360,5
153,35KX915EF167F,636,305,672,360,E
153,35KX915EF167F,637,305,673,359,F
153,35KX915EF167F,538,330,567,379,1
153,35KX915EF167F,560,326,592,375,6
153,35KX915EF167F,584,319,616,371,7
153,35KX915EF167F,585,319,615,371,F
153,0D14113,16,247,70,322,0
153,0D14113,16,248,72,321,D
153,0D14113,49,239,100,310,1
153,0D14113,14,321,69,391,4
153,0D14113,15,321,69,390,1
153,0D14113,54,304,107,378,1
153,0D14113,89,295,150,365,3
154,35KX914F167,537,281,567,332,3
154,35KX914F167,555,276,593,329,5
154,35KX914F167,595,266,630,321,K
154,35KX914F167,596,266,630,322,X
154,35KX914F167,609,310,645,362,9
154,35KX914F167,618,263,647,315,1
154,35KX914F167,632,305,669,359,4
154,35KX914F167,633,305,669,357,F
154,35KX914F167,536,330,563,380,1
154,35KX914F167,556,325,588,375,6
154,35KX914F167,580,319,612,371,7
154,01413,9,246,66,321,0
154,01413,43,236,96,310,1
154,01413,5,319,65,390,4
154,01413,49,304,102,377,1
154,01413,84,293,144,366,3
155,35K914FM167,532,280,563,331,3
155,35K914FM167,550,275,588,328,5
155,35K914FM167,590,265,625,321,K
155,35K914FM167,605,309,640,362,9
155,35K914FM167,613,262,643,315,1
155,35K914FM167,627,305,664,360,4
155,35K914FM167,628,305,664,357,F
155,35K914FM167,649,265,676,350,M
155,35K914FM167,530,330,558,379,1
155,35K914FM167,551,326,584,374,6
155,35K914FM167,575,319,606,371,7
155,015413,3,244,59,317,0
155,015413,38,235,89,306,1
155,015413,1,318,59,388,5
155,015413,2,318,59,385,4
155,015413,43,302,96,373,1
155,015413,78,292,136,362,3
156,3K1467,513,273,545,324,3
156,3K1467,573,258,609,314,K
156,3K1467,595,255,627,311,1
156,3K1467,610,299,649,353,4
156,3K1467,533,318,565,368,6
156,3K1467,555,309,592,364,7
157,3K14M167,514,274,545,325,3
157,3K14M167,573,259,609,315,K
157,3K14M167,595,256,627,308,1
157,3K14M167,610,299,649,353,4
157,3K14M167,634,261,661,345,M
157,3K14M167,507,320,541,372,1
157,3K14M167,533,318,565,368,6
157,3K14M167,554,309,592,364,7
158,3K14FE167,506,272,538,323,3
158,3K14FE167,566,257,602,313,K
158,3K14FE167,588,255,622,308,1
158,3K14FE167,602,297,641,353,4
158,3K14FE167,603,297,641,352,F
158,3K14FE167,603,297,641,353,E
158,3K14FE167,504,320,533,371,1
158,3K14FE167,526,318,557,367,6
158,3K14FE167,548,309,582,363,7
158,14432,4,283,64,355,1
158,14432,41,246,102,346,4
158,14432,42,274,101,346,4
158,14432,42,275,102,346,3
158,14432,42,276,102,345,2
159,3K1467,502,273,531,321,3
159,3K1467,561,258,597,313,K
159,3K1467,584,254,615,309,1
159,3K1467,597,298,635,351,4
159,3K1467,521,317,551,366,6
159,3K1467,544,309,579,363,7
160,3K167,495,271,526,322,3
160,3K167,556,257,591,314,K
160,3K167,578,254,607,307,1
160,3K167,515,316,546,366,6
160,3K167,537,309,572,363,7
161,35K14167,489,273,518,324,3
161,35K14167,509,267,543,320,5
161,35K14167,549,258,583,315,K
161,35K14167,572,255,600,307,1
161,35K14167,583,298,621,353,4
161,35K14167,485,322,515,373,1
161,35K14167,508,318,539,368,6
161,35K14167,532,311,565,364,7
162,35K14167,489,273,518,323,3
162,35K14167,509,267,544,320,5
162,35K14167,549,258,583,315,K
162,35K14167,572,255,600,307,1
162,35K14167,583,298,621,353,4
162,35K14167,485,322,515,373,1
162,35K14167,508,318,539,368,6
162,35K14167,532,311,565,364,7
163,35K14FE67,485,273,514,323,3
163,35K14FE67,505,267,540,319,5
163,35K14FE67,545,258,581,315,K
163,35K14FE67,568,255,598,307,1
163,35K14FE67,582,299,618,353,4
163,35K14FE67,583,299,619,351,F
163,35K14FE67,583,299,619,352,E
163,35K14FE67,503,318,536,368,6
163,35K14FE67,527,311,561,364,7
164,35K14167,481,272,510,322,3
164,35K14167,501,266,536,318,5
164,35K14167,541,256,576,311,K
164,35K14167,563,254,592,305,1
164,35K14167,577,297,614,351,4
164,35K14167,477,320,506,371,1
164,35K14167,500,316,530,366,6
164,35K14167,524,310,556,362,7
165,35KP14EF167,478,271,507,321,3
165,35KP14EF167,497,264,533,317,5
165,35KP14EF167,537,255,573,312,K
165,35KP14EF167,553,300,588,353,P
165,35KP14EF167,561,252,590,305,1
165,35KP14EF167,575,296,612,351,4
165,35KP14EF167,575,297,612,351,E
165,35KP14EF167,576,296,613,350,F
165,35KP14EF167,475,320,503,371,1
165,35KP14EF167,497,316,528,367,6
165,35KP14EF167,521,309,553,363,7
166,35KP14F67,472,271,501,321,3
166,35KP14F67,491,264,528,318,5
166,35KP14F67,532,255,568,311,K
166,35KP14F67,546,300,582,352,P
166,35KP14F67,556,252,584,305,1
166,35KP14F67,570,296,607,351,4
166,35KP14F67,571,296,608,350,F
166,35KP14F67,492,316,523,366,6
166,35KP14F67,515,309,548,363,7
167,35KP14F67,472,270,501,321,3
167,35KP14F67,491,264,528,318,5
167,35KP14F67,532,255,568,312,K
167,35KP14F67,546,300,583,354,P
167,35KP14F67,556,252,585,304,1
167,35KP14F67,569,296,608,351,4
167,35KP14F67,570,295,609,350,F
167,35KP14F67,491,316,523,366,6
167,35KP14F67,515,309,548,363,7
168,35K1467F,463,269,493,321,3
168,35K1467F,482,263,521,318,5
168,35K1467F,524,255,560,311,K
168,35K1467F,547,250,578,303,1
168,35K1467F,561,294,600,348,4
168,35K1467F,482,315,515,366,6
168,35K1467F,506,307,543,363,7
168,35K1467F,508,308,542,362,F
168,19G213,829,219,861,266,1
168,19G213,849,213,880,260,9
168,19G213,880,201,910,244,G
168,19G213,899,236,932,285,2
168,19G213,901,194,927,239,1
168,19G213,922,233,948,270,3
169,35K914EF67,460,269,490,321,3
169,35K914EF67,480,264,517,318,5
169,35K914EF67,521,254,557,310,K
169,35K914EF67,534,298,572,352,9
169,35K914EF67,544,250,574,304,1
169,35K914EF67,557,295,596,349,4
169,35K914EF67,557,295,597,349,E
169,35K914EF67,557,295,597,349,F
169,35K914EF67,479,315,512,366,6
169,35K914EF67,504,308,539,363,7
169,19G211,825,219,857,265,1
169,19G211,846,213,877,260,9
169,19G211,877,201,908,246,G
169,19G211,897,236,930,284,2
169,19G211,897,236,929,284,1
169,19G211,899,194,924,239,1
170,35K9145F167,457,269,487,320,3
170,35K9145F167,477,263,513,316,5
170,35K9145F167,518,253,553,310,K
170,35K9145F167,532,298,569,353,9
170,35K9145F167,541,250,571,303,1
170,35K9145F167,556,295,593,349,4
170,35K9145F167,556,296,594,349,5
170,35K9145F167,557,295,593,348,F
170,35K9145F167,456,318,485,371,1
170,35K9145F167,478,315,510,365,6
170,35K9145F167,501,308,535,362,7
170,19142,824,217,855,265,1
170,19142,843,211,876,258,9
170,19142,895,191,921,237,1
170,19142,914,178,956,280,4
170,19142,895,235,928,285,2
171,35K914F5167,455,270,485,320,3
171,35K914F5167,475,264,511,317,5
171,35K914F5167,517,253,553,311,K
171,35K914F5167,530,299,567,352,9
171,35K914F5167,539,251,569,303,1
171,35K914F5167,554,295,591,349,4
171,35K914F5167,554,295,592,348,F
171,35K914F5167,554,296,592,349,5
171,35K914F5167,454,318,483,371,1
171,35K914F5167,476,315,507,365,6
171,35K914F5167,500,308,533,361,7
172,35K914F167,456,270,485,321,3
172,35K914F167,476,263,511,317,5
172,35K914F167,516,253,552,311,K
172,35K914F167,530,299,567,353,9
172,35K914F167,539,250,569,303,1
172,35K914F167,554,295,592,350,4
172,35K914F167,554,295,592,349,F
172,35K914F167,453,317,483,370,1
172,35K914F167,475,313,508,365,6
172,35K914F167,499,307,533,361,7
173,35K914F167,450,275,480,325,3
173,35K914F167,470,268,506,322,5
173,35K914F167,511,258,547,316,K
173,35K914F167,527,303,563,356,9
173,35K914F167,534,255,565,309,1
173,35K914F167,550,299,586,355,4
173,35K914F167,550,299,587,353,F
173,35K914F167,450,323,479,376,1
173,35K914F167,471,319,503,370,6
173,35K914F167,494,312,528,367,7
173,1914,817,218,850,266,1
173,1914,835,212,869,260,9
173,1914,888,190,915,239,1
173,1914,907,183,951,292,4
174,35KP914EF67,446,276,476,327,3
174,35KP914EF67,465,269,501,323,5
174,35KP914EF67,507,260,544,314,K
174,35KP914EF67,523,304,559,357,P
174,35KP914EF67,523,305,559,357,9
174,35KP914EF67,530,256,561,309,1
174,35KP914EF67,546,300,582,354,4
174,35KP914EF67,547,300,582,353,E
174,35KP914EF67,547,300,582,353,F
174,35KP914EF67,466,321,498,371,6
174,35KP914EF67,490,314,524,368,7
174,1912,816,219,847,268,1
174,1912,836,214,865,261,9
174,1912,887,194,910,239,1
174,1912,887,236,918,284,2
175,35K915F467,442,277,473,328,3
175,35K915F467,462,270,499,324,5
175,35K915F467,504,261,541,316,K
175,35K915F467,519,305,555,357,9
175,35K915F467,525,256,558,311,1
175,35K915F467,542,301,580,356,5
175,35K915F467,543,301,581,355,F
175,35K915F467,543,301,580,356,4
175,35K915F467,463,322,495,373,6
175,35K915F467,487,314,521,369,7
175,19G216,813,221,844,268,1
175,19G216,833,215,864,262,9
175,19G216,862,203,891,246,G
175,19G216,882,238,916,286,2
175,19G216,883,196,906,241,1
175,19G216,835,254,871,303,6
176,35KX915F467,439,279,469,330,3
176,35KX915F467,458,272,496,326,5
176,35KX915F467,500,262,538,318,K
176,35KX915F467,501,263,539,319,X
176,35KX915F467,516,307,552,361,9
176,35KX915F467,522,257,558,314,1
176,35KX915F467,539,302,577,358,5
176,35KX915F467,540,302,578,357,F
176,35KX915F467,541,302,577,358,4
176,35KX915F467,460,324,491,375,6
176,35KX915F467,484,317,517,371,7
176,19G12,810,222,841,271,1
176,19G12,829,217,861,264,9
176,19G12,861,204,889,248,G
176,19G12,881,197,904,242,1
176,19G12,881,239,912,287,2
177,35K9154F67,439,279,470,330,3
177,35K9154F67,459,272,496,326,5
177,35K9154F67,500,262,538,318,K
177,35K9154F67,516,308,552,361,9
177,35K9154F67,523,258,556,313,1
177,35K9154F67,540,303,577,357,5
177,35K9154F67,541,303,577,357,4
177,35K9154F67,541,303,577,356,F
177,35K9154F67,460,324,492,376,6
177,35K9154F67,485,317,517,371,7
177,19G12,810,222,841,271,1
177,19G12,829,218,860,264,9
177,19G12,861,204,889,248,G
177,19G12,881,197,904,242,1
177,19G12,881,239,911,287,2
178,35K91567,436,281,466,333,3
178,35K91567,455,276,491,329,5
178,35K91567,497,266,533,322,K
178,35K91567,516,310,549,365,9
178,35K91567,520,262,551,315,1
178,35K91567,537,306,573,359,5
178,35K91567,456,328,488,380,6
178,35K91567,479,319,514,374,7
179,35K915F167,433,280,465,334,3
179,35K915F167,452,274,491,330,5
179,35K915F167,494,264,532,323,K
179,35K915F167,513,310,547,365,9
179,35K915F167,517,260,550,316,1
179,35K915F167,535,305,573,360,5
179,35K915F167,536,306,572,359,F
179,35K915F167,432,332,462,384,1
179,35K915F167,455,328,487,380,6
179,35K915F167,480,320,512,375,7
180,35K9154167,434,283,464,334,3
180,35K9154167,453,277,489,331,5
180,35K9154167,495,266,531,324,K
180,35K9154167,512,313,546,365,9
180,35K9154167,518,263,549,317,1
180,35K9154167,534,307,571,360,5
180,35K9154167,534,307,571,361,4
180,35K9154167,431,332,462,387,1
180,35K9154167,454,328,487,380,6
180,35K9154167,479,320,512,375,7
181,35K915F167,433,283,465,335,3
181,35K915F167,453,278,490,332,5
181,35K915F167,495,267,532,324,K
181,35K915F167,512,312,548,366,9
181,35K915F167,519,264,549,318,1
181,35K915F167,535,306,573,360,5
181,35K915F167,535,307,572,360,F
181,35K915F167,432,333,462,386,1
181,35K915F167,455,329,487,380,6
181,35K915F167,479,322,513,376,7
182,35K91567,434,283,467,335,3
182,35K91567,455,278,491,332,5
182,35K91567,497,266,534,324,K
182,35K91567,514,312,549,365,9
182,35K91567,519,263,550,318,1
182,35K91567,537,305,574,360,5
182,35K91567,457,329,489,381,6
182,35K91567,481,322,513,376,7
183,35K915F67,436,284,467,336,3
183,35K915F67,456,278,492,333,5
183,35K915F67,498,267,535,325,K
183,35K915F67,514,313,551,366,9
183,35K915F67,520,264,551,318,1
183,35K915F67,538,308,574,361,5
183,35K915F67,539,308,574,361,F
183,35K915F67,457,330,490,381,6
183,35K915F67,482,322,515,376,7
183,19G12Q6,807,224,839,272,1
183,19G12Q6,823,218,859,265,9
183,19G12Q6,857,203,889,249,G
183,19G12Q6,877,194,907,242,1
183,19G12Q6,879,236,914,287,2
183,19G12Q6,812,268,848,327,Q
183,19G12Q6,833,258,867,307,6
184,35K915F167,436,285,468,336,3
184,35K915F167,455,278,493,333,5
184,35K915F167,497,266,535,324,K
184,35K915F167,514,312,551,365,9
184,35K915F167,520,264,552,318,1
184,35K915F167,539,308,575,362,5
184,35K915F167,540,308,574,361,F
184,35K915F167,435,334,465,388,1
184,35K915F167,457,329,490,381,6
184,35K915F167,483,322,516,377,7
184,191,809,224,841,272,1
184,191,825,217,860,265,9
184,191,878,193,909,243,1
185,35K9154F67,436,285,467,336,3
185,35K9154F67,455,278,493,333,5
185,35K9154F67,498,268,536,324,K
185,35K9154F67,515,312,552,366,9
185,35K9154F67,520,264,552,319,1
185,35K9154F67,538,308,575,362,5
185,35K9154F67,539,308,575,363,4
185,35K9154F67,540,308,574,361,F
185,35K9154F67,456,329,491,381,6
185,35K9154F67,483,322,515,377,7
185,19G12Q,810,224,841,273,1
185,19G12Q,829,219,860,265,9
185,19G12Q,860,203,890,250,G
185,19G12Q,880,198,906,243,1
185,19G12Q,880,239,915,289,2
185,19G12Q,811,267,849,324,Q
186,35K91567,436,286,467,338,3
186,35K91567,456,280,492,334,5
186,35K91567,498,269,535,326,K
186,35K91567,515,315,551,368,9
186,35K91567,521,266,551,320,1
186,35K91567,538,309,574,363,5
186,35K91567,458,332,490,384,6
186,35K91567,483,324,515,378,7
186,19G1Q,810,225,840,272,1
186,19G1Q,828,219,859,266,9
186,19G1Q,860,205,891,251,G
186,19G1Q,880,197,906,244,1
186,19G1Q,812,268,848,329,Q
187,35K91567,435,288,467,340,3
187,35K91567,455,282,492,336,5
187,35K91567,498,272,534,329,K
187,35K91567,515,318,551,371,9
187,35K91567,521,269,551,322,1
187,35K91567,537,312,573,365,5
187,35K91567,458,334,490,385,6
187,35K91567,482,326,515,380,7
187,1912Q,808,226,839,274,1
187,1912Q,828,221,859,268,9
187,1912Q,878,200,904,246,1
187,1912Q,879,242,912,291,2
187,1912Q,811,270,848,331,Q
188,35KX91567,437,289,469,341,3
188,35KX91567,457,284,493,336,5
188,35KX91567,498,273,534,329,K
188,35KX91567,498,274,536,329,X
188,35KX91567,516,318,552,371,9
188,35KX91567,520,269,552,322,1
188,35KX91567,538,312,575,365,5
188,35KX91567,457,334,492,387,6
188,35KX91567,482,325,517,381,7
188,1914,806,226,839,275,1
188,1914,825,221,859,269,9
188,1914,878,197,907,246,1
188,1914,897,192,939,280,4
189,35K91567,437,290,469,341,3
189,35K91567,456,284,493,337,5
189,35K91567,499,273,536,329,K
189,35K91567,516,319,552,371,9
189,35K91567,522,269,553,323,1
189,35K91567,538,312,575,365,5
189,35K91567,457,334,492,386,6
189,35K91567,482,326,517,381,7
189,1914,806,227,839,275,1
189,1914,825,221,859,269,9
189,1914,878,197,907,246,1
189,1914,899,194,940,280,4
190,35K915F67,439,289,471,341,3
190,35K915F67,459,283,495,336,5
190,35K915F67,502,272,538,328,K
190,35K915F67,518,317,554,370,9
190,35K915F67,525,269,555,322,1
190,35K915F67,541,313,576,365,5
190,35K915F67,542,313,576,365,F
190,35K915F67,460,335,494,385,6
190,35K915F67,485,326,520,381,7
191,35K915467,441,289,473,341,3
191,35K915467,461,283,498,336,5
191,35K915467,504,272,540,329,K
191,35K915467,521,318,557,371,9
191,35K915467,527,269,558,324,1
191,35K915467,544,313,580,365,5
191,35K915467,545,313,580,365,4
191,35K915467,462,335,497,386,6
191,35K915467,488,327,522,380,7
191,191246,816,228,847,276,1
191,191246,834,223,867,269,9
191,191246,886,198,915,247,1
191,191246,887,243,922,291,2
191,191246,907,196,950,284,4
191,191246,840,263,876,310,6
192,35K915467,445,290,477,342,3
192,35K915467,466,284,501,337,5
192,35K915467,507,273,543,329,K
192,35K915467,525,319,558,371,9
192,35K915467,530,270,560,323,1
192,35K915467,547,314,581,366,5
192,35K915467,547,314,582,367,4
192,35K915467,465,335,500,386,6
192,35K915467,491,328,525,381,7
192,19124Q,818,230,851,277,1
192,19124Q,838,224,871,271,9
192,19124Q,890,200,919,248,1
192,19124Q,892,245,924,293,2
192,19124Q,911,198,953,290,4
192,19124Q,816,271,860,333,Q
193,35K915467,445,289,477,340,3
193,35K915467,465,283,502,336,5
193,35K915467,507,272,543,329,K
193,35K915467,524,318,559,371,9
193,35K915467,529,269,561,324,1
193,35K915467,547,313,582,366,5
193,35K915467,548,313,582,366,4
193,35K915467,465,334,500,385,6
193,35K915467,491,327,525,380,7
193,19124,818,230,851,277,1
193,19124,838,224,871,271,9
193,19124,890,200,919,248,1
193,19124,892,245,925,293,2
193,19124,911,198,953,290,4
194,35KX914F567,449,288,481,339,3
194,35KX914F567,470,280,507,335,5
194,35KX914F567,511,271,549,328,K
194,35KX914F567,512,272,550,328,X
194,35KX914F567,529,316,563,369,9
194,35KX914F567,534,267,566,322,1
194,35KX914F567,551,311,587,366,4
194,35KX914F567,551,311,587,364,F
194,35KX914F567,551,312,587,365,5
194,35KX914F567,469,332,504,384,6
194,35KX914F567,495,324,529,379,7
194,19124,825,230,857,276,1
194,19124,844,224,877,271,9
194,19124,896,199,926,249,1
194,19124,899,245,931,295,2
194,19124,918,196,960,298,4
195,35K91567,450,285,481,336,3
195,35K91567,470,278,507,332,5
195,35K91567,513,267,550,325,K
195,35K91567,530,314,563,366,9
195,35K91567,536,264,566,319,1
195,35K91567,553,309,588,362,5
195,35K91567,469,329,506,382,6
195,35K91567,495,321,530,377,7
195,191248,825,225,859,274,1
195,191248,846,220,880,267,9
195,191248,898,200,927,247,1
195,191248,901,242,933,292,2
195,191248,920,196,964,290,4
195,191248,851,260,888,309,8
196,35K9167,448,282,479,332,3
196,35K9167,468,274,504,329,5
196,35K9167,509,266,548,323,K
196,35K9167,527,311,563,364,9
196,35K9167,534,261,564,316,1
196,35K9167,469,326,503,379,6
196,35K9167,493,320,528,375,7
196,191248,825,223,858,272,1
196,191248,845,218,880,266,9
196,191248,900,198,924,244,1
196,191248,900,241,932,289,2
196,191248,918,194,962,286,4
196,191248,850,259,886,308,8
197,35K9154F67,447,282,480,333,3
197,35K9154F67,468,274,505,329,5
197,35K9154F67,509,266,548,323,K
197,35K9154F67,528,310,564,364,9
197,35K9154F67,534,261,565,316,1
197,35K9154F67,550,305,588,359,5
197,35K9154F67,550,305,587,360,4
197,35K9154F67,551,305,588,359,F
197,35K9154F67,467,326,504,380,6
197,35K9154F67,493,319,529,375,7
197,191248,826,224,858,272,1
197,191248,845,219,880,266,9
197,191248,899,198,925,245,1
197,191248,900,241,934,291,2
197,191248,918,194,963,290,4
197,191248,851,258,887,308,8
198,35K1EF679,443,279,475,330,3
198,35K1EF679,464,272,500,326,5
198,35K1EF679,506,262,544,320,K
198,35K1EF679,529,259,560,315,1
198,35K1EF679,547,302,583,356,E
198,35K1EF679,547,303,583,357,F
198,35K1EF679,463,322,498,377,6
198,35K1EF679,487,316,525,374,7
198,35K1EF679,523,310,559,362,9
198,191A48,819,224,856,273,1
198,191A48,840,219,878,267,9
198,191A48,896,194,929,246,1
198,191A48,916,191,962,288,A
198,191A48,917,193,962,292,4
198,191A48,848,261,885,310,8
199,3KX167,436,275,468,327,3
199,3KX167,497,258,539,318,K
199,3KX167,498,258,543,318,X
199,3KX167,519,255,558,311,1
199,3KX167,455,320,490,374,6
199,3KX167,478,312,519,371,7
199,19148,819,225,851,274,1
199,19148,839,219,873,269,9
199,19148,893,198,924,246,1
199,19148,913,196,958,304,4
199,19148,843,259,880,311,8
200,36K167,425,272,459,325,3
200,36K167,447,267,485,321,6
200,36K167,490,258,534,316,K
200,36K167,513,253,551,310,1
200,36K167,445,318,483,373,6
200,36K167,471,311,511,370,7
200,19148,811,225,846,274,1
200,19148,831,219,868,269,9
200,19148,886,198,917,246,1
200,19148,906,194,951,305,4
200,19148,835,259,874,310,8
201,3K167,416,271,452,325,3
201,3K167,479,255,525,315,K
201,3K167,503,251,545,309,1
201,3K167,437,316,475,372,6
201,3K167,462,308,504,369,7
201,1914,805,225,838,275,1
201,1914,824,220,861,269,9
201,1914,878,196,911,246,1
201,1914,903,191,948,295,4
204,7,420,311,470,370,7
205,367,365,269,404,323,3
205,367,386,315,428,373,6
205,367,411,308,457,369,7
205,114,770,231,799,280,1
205,114,843,207,875,255,1
205,114,861,208,902,296,4
206,136,357,310,393,370,1
206,136,361,262,396,314,3
206,136,382,308,421,365,6
206,114,766,224,797,272,1
206,114,840,196,877,246,1
206,114,861,195,900,288,4
207,36F9F,354,254,394,309,3
207,36F9F,375,299,419,360,6
207,36F9F,400,293,450,355,F
207,36F9F,435,286,486,348,9
207,36F9F,465,282,513,343,F
207,114,765,218,797,271,1
207,114,839,192,876,245,1
207,114,856,188,901,281,4
208,36F9,354,255,393,309,3
208,36F9,375,300,419,360,6
208,36F9,400,293,450,356,F
208,36F9,436,286,486,347,9
208,119148,761,217,801,294,1
208,119148,765,218,797,268,1
208,119148,782,212,818,261,9
208,119148,839,192,875,242,1
208,119148,856,192,900,282,4
208,119148,787,253,824,306,8
209,Y,419,231,475,288,Y
209,134,822,184,856,234,1
209,134,841,226,880,271,3
209,134,846,187,885,275,4
211,21T,718,206,766,303,2
211,21T,720,208,767,300,1
211,21T,804,183,842,231,T
212,21,718,206,766,305,2
212,21,720,208,766,302,1
213,7,325,286,386,360,7
213,1,789,178,825,229,1
214,T,782,179,821,230,T
215,17,771,180,810,231,1
215,17,808,184,839,290,7
216,X,302,245,364,309,X
217,7,270,301,329,369,7
217,9374,693,203,733,256,9
217,9374,776,225,814,272,3
217,9374,790,184,824,286,7
217,9374,701,246,743,301,4
218,7,270,301,330,369,7
218,93714,694,202,733,255,9
218,93714,776,225,811,270,3
218,93714,790,184,824,291,7
218,93714,790,184,825,291,1
218,93714,700,246,742,303,4
219,67,215,309,266,380,6
219,67,234,304,303,376,7
219,9A1,677,205,719,257,9
219,9A1,738,183,783,237,A
219,9A1,739,183,780,237,1
220,7,225,306,294,379,7
220,9A37,668,207,714,263,9
220,9A37,705,191,757,251,A
220,9A37,745,185,798,291,3
220,9A37,769,187,803,291,7
221,9T337A,662,212,705,267,9
221,9T337A,727,191,767,243,T
221,9T337A,740,204,789,290,3
221,9T337A,745,235,788,284,3
221,9T337A,762,193,796,294,7
221,9T337A,692,248,738,308,A
222,K1677F,222,240,286,316,K
222,K1677F,254,239,313,307,1
222,K1677F,172,311,223,381,6
222,K1677F,189,305,263,397,7
222,K1677F,199,304,261,376,7
222,K1677F,284,292,340,363,F
222,9I13R6,654,210,696,263,9
222,9I13R6,717,235,762,294,I
222,9I13R6,718,187,752,244,1
222,9I13R6,741,232,777,282,3
222,9I13R6,757,190,793,287,R
222,9I13R6,686,245,727,302,6
223,3K1677,136,256,187,326,3
223,3K1677,220,240,279,316,K
223,3K1677,249,238,308,306,1
223,3K1677,164,310,215,378,6
223,3K1677,186,303,260,388,7
223,3K1677,193,303,255,374,7
223,9I1326,653,208,694,263,9
223,9I1326,712,233,761,293,I
223,9I1326,717,186,751,243,1
223,9I1326,740,232,776,280,3
223,9I1326,755,188,791,286,2
223,9I1326,684,246,723,302,6
224,3K17,130,256,178,325,3
224,3K17,214,238,274,314,K
224,3K17,243,236,305,305,1
224,3K17,187,302,248,373,7
224,921926,652,208,692,262,9
224,921926,710,234,761,295,2
224,921926,715,184,750,243,1
224,921926,752,187,791,286,9
224,921926,753,186,792,288,2
224,921926,680,245,721,303,6
225,K77,203,236,266,314,K
225,K77,168,304,243,412,7
225,K77,174,304,241,384,7
225,9219R6,646,208,691,263,9
225,9219R6,702,234,755,299,2
225,9219R6,712,185,752,243,1
225,9219R6,749,188,787,284,9
225,9219R6,750,188,787,285,R
225,9219R6,676,243,721,305,6
226,K77,203,235,267,314,K
226,K77,168,304,243,412,7
226,K77,174,304,242,385,7
226,92137R26,645,208,691,264,9
226,92137R26,701,233,760,298,2
226,92137R26,711,184,755,243,1
226,92137R26,730,231,776,282,3
226,92137R26,748,186,790,287,7
226,92137R26,748,187,789,283,R
226,92137R26,751,184,790,290,2
226,92137R26,675,244,720,304,6
227,K7,182,246,246,327,K
227,K7,158,315,224,391,7
227,91R762,637,220,680,279,9
227,91R762,700,195,739,256,1
227,91R762,737,197,775,290,R
227,91R762,742,197,776,293,7
227,91R762,666,255,710,316,6
227,91R762,695,246,742,309,2
228,K7,182,246,246,327,K
228,K7,158,315,224,391,7
228,91R762,637,220,680,279,9
228,91R762,700,195,739,256,1
228,91R762,737,197,775,290,R
228,91R762,742,197,776,293,7
228,91R762,666,255,710,316,6
228,91R762,695,246,742,309,2
229,K67,176,248,237,331,K
229,K67,119,326,174,397,6
229,K67,151,317,215,392,7
229,191R762,610,226,651,285,1
229,191R762,631,220,676,284,9
229,191R762,695,194,743,255,1
229,191R762,732,195,774,293,R
229,191R762,734,197,774,294,7
229,191R762,662,257,705,317,6
229,191R762,690,249,738,313,2
230,3K167,83,270,132,345,3
230,3K167,170,253,228,332,K
230,3K167,204,252,257,322,1
230,3K167,112,328,164,400,6
230,3K167,144,322,201,394,7
230,19176,606,230,646,287,1
230,19176,628,225,670,284,9
230,19176,694,203,729,260,1
230,19176,736,204,772,305,7
230,19176,658,264,700,322,6
231,916,626,226,670,292,9
231,916,693,205,730,262,1
231,916,656,267,698,324,6
231,3K167,78,273,127,349,3
231,3K167,167,256,224,335,K
231,3K167,200,254,256,325,1
231,3K167,107,332,160,405,6
231,3K167,141,325,198,399,7
232,3K1167,67,276,126,369,3
232,3K1167,162,263,219,341,K
232,3K1167,195,260,248,331,1
232,3K1167,68,340,118,419,1
232,3K1167,102,338,153,412,6
232,3K1167,135,332,189,405,7
232,9916,620,232,671,300,9
232,9916,625,233,666,288,9
232,9916,692,209,729,268,1
232,9916,654,271,700,332,6
233,K1167,161,261,220,341,K
233,K1167,195,259,249,332,1
233,K1167,67,338,117,417,1
233,K1167,100,338,153,410,6
233,K1167,135,332,189,404,7
233,9G12862,623,234,668,290,9
233,9G12862,665,218,709,275,G
233,9G12862,693,209,729,268,1
233,9G12862,716,250,767,313,2
233,9G12862,624,284,673,339,8
233,9G12862,653,270,701,331,6
233,9G12862,691,263,732,322,2
234,912862,625,238,670,297,9
234,912862,693,214,729,271,1
234,912862,715,205,769,319,2
234,912862,630,289,671,341,8
234,912862,654,272,699,334,6
234,912862,693,266,731,325,2
234,3K167,72,282,120,358,3
234,3K167,159,265,218,347,K
234,3K167,193,262,250,339,1
234,3K167,97,345,153,417,6
234,3K167,134,336,192,411,7
235,914862,627,243,670,303,9
235,914862,693,220,731,277,1
235,914862,715,213,772,327,4
235,914862,630,293,674,348,8
235,914862,655,280,702,340,6
235,914862,694,271,734,331,2
235,3K167,72,289,120,365,3
235,3K167,162,275,216,350,K
235,3K167,192,273,244,343,1
235,3K167,99,352,152,422,6
235,3K167,136,344,189,416,7
236,35K167,73,294,120,367,3
236,35K167,98,291,158,363,5
236,35K167,163,277,218,355,K
236,35K167,194,275,248,346,1
236,35K167,101,354,153,425,6
236,35K167,138,347,189,419,7
236,912862,629,247,671,303,9
236,912862,695,224,732,282,1
236,912862,720,220,773,330,2
236,912862,633,299,675,352,8
236,912862,658,284,703,345,6
236,912862,697,275,736,335,2
237,191282,609,256,651,313,1
237,191282,631,250,675,307,9
237,191282,699,227,734,286,1
237,191282,720,213,776,349,2
237,191282,638,302,677,356,8
237,191282,699,281,739,342,2
237,3K167,72,299,119,371,3
237,3K167,165,282,221,355,K
237,3K167,195,278,246,349,1
237,3K167,102,359,152,429,6
237,3K167,137,350,190,423,7
238,3K17,79,301,128,377,3
238,3K17,167,285,224,364,K
238,3K17,200,283,255,354,1
238,3K17,143,355,194,426,7
238,119128,613,263,659,352,1
238,119128,617,263,659,321,1
238,119128,637,257,683,316,9
238,119128,704,235,744,294,1
238,119128,729,225,786,345,2
238,119128,641,310,683,363,8
239,3K17,79,301,128,377,3
239,3K17,171,285,228,360,K
239,3K17,199,283,254,354,1
239,3K17,142,354,195,426,7
239,191218,616,263,659,322,1
239,191218,638,257,683,316,9
239,191218,704,235,743,294,1
239,191218,729,226,785,344,2
239,191218,769,234,791,342,1
239,191218,640,310,683,363,8
240,3K17,87,299,137,372,3
240,3K17,175,283,232,360,K
240,3K17,205,283,259,352,1
240,3K17,149,352,201,423,7
240,918,645,258,688,318,9
240,918,708,236,752,298,1
240,918,650,309,692,365,8
241,3K167,91,298,149,377,3
241,3K167,185,283,240,360,K
241,3K167,216,282,269,353,1
241,3K167,125,357,173,427,6
241,3K167,157,352,209,424,7
241,9148,652,259,697,318,9
241,9148,720,239,756,297,1
241,9148,741,224,799,348,4
241,9148,658,312,699,366,8
242,3K177,103,302,152,375,3
242,3K177,190,287,246,362,K
242,3K177,223,284,273,354,1
242,3K177,152,355,223,454,7
242,3K177,163,355,219,427,7
242,91Q08,657,263,701,322,9
242,91Q08,720,245,760,302,1
242,91Q08,634,322,675,376,Q
242,91Q08,635,322,674,376,0
242,91Q08,663,315,704,370,8
243,3K1679,108,305,154,378,3
243,3K1679,194,291,246,365,K
243,3K1679,227,288,272,356,1
243,3K1679,133,361,184,432,6
243,3K1679,167,356,220,427,7
243,3K1679,216,350,269,419,9
243,1914Q82,636,275,680,332,1
243,1914Q82,660,267,703,327,9
243,1914Q82,725,248,761,309,1
243,1914Q82,747,230,804,356,4
243,1914Q82,638,326,676,380,Q
243,1914Q82,666,321,704,375,8
243,1914Q82,725,301,766,361,2
244,3K167,109,309,153,379,3
244,3K167,193,296,247,368,K
244,3K167,226,293,272,362,1
244,3K167,132,366,181,435,6
244,3K167,168,362,218,431,7
244,191Q082,638,281,677,340,1
244,191Q082,659,276,703,336,9
244,191Q082,725,258,766,318,1
244,191Q082,636,336,677,389,Q
244,191Q082,636,337,676,389,0
244,191Q082,667,329,705,384,8
244,191Q082,725,310,766,369,2
245,3K167,109,309,153,379,3
245,3K167,193,296,247,368,K
245,3K167,226,293,272,362,1
245,3K167,132,366,181,435,6
245,3K167,168,362,218,431,7
245,191Q082,638,281,677,340,1
245,191Q082,659,276,703,336,9
245,191Q082,725,258,766,318,1
245,191Q082,636,336,677,389,Q
245,191Q082,636,337,676,389,0
245,191Q082,667,329,705,384,8
245,191Q082,725,310,766,369,2
246,914Q82,655,278,703,338,9
246,914Q82,723,259,765,320,1
246,914Q82,746,247,801,364,4
246,914Q82,633,338,673,392,Q
246,914Q82,664,331,701,386,8
246,914Q82,722,312,762,371,2
246,3KY1167,106,310,150,380,3
246,3KY1167,190,298,243,371,K
246,3KY1167,222,297,270,364,Y
246,3KY1167,223,296,269,365,1
246,3KY1167,98,372,140,443,1
246,3KY1167,130,370,177,436,6
246,3KY1167,165,366,212,433,7
247,71914Q082,600,288,654,400,7
247,71914Q082,631,284,671,343,1
247,71914Q082,652,278,698,337,9
247,71914Q082,719,257,761,320,1
247,71914Q082,741,243,798,364,4
247,71914Q082,630,337,668,392,Q
247,71914Q082,630,339,668,392,0
247,71914Q082,660,331,698,386,8
247,71914Q082,718,311,759,370,2
247,3K1679,101,310,143,380,3
247,3K1679,185,296,239,369,K
247,3K1679,218,295,263,363,1
247,3K1679,125,369,172,435,6
247,3K1679,159,361,210,432,7
247,3K1679,207,355,261,422,9
248,3K167,97,303,142,373,3
248,3K167,183,290,237,364,K
248,3K167,217,289,260,357,1
248,3K167,121,362,171,430,6
248,3K167,155,355,206,426,7
248,1914Q082,629,278,669,338,1
248,1914Q082,650,272,695,337,9
248,1914Q082,716,254,756,315,1
248,1914Q082,739,235,796,359,4
248,1914Q082,630,332,666,387,Q
248,1914Q082,630,333,666,387,0
248,1914Q082,659,326,696,381,8
248,1914Q082,717,306,757,365,2
249,7191438,600,278,652,399,7
249,7191438,631,273,667,333,1
249,7191438,651,267,694,328,9
249,7191438,717,248,756,308,1
249,7191438,739,231,798,360,4
249,7191438,741,231,798,360,3
249,7191438,656,322,694,376,8
249,3K167,96,297,142,367,3
249,3K167,182,283,239,358,K
249,3K167,216,283,260,352,1
249,3K167,121,356,173,421,6
249,3K167,155,349,207,418,7
250,71914382,601,275,653,386,7
250,71914382,633,272,667,328,1
250,71914382,652,265,695,325,9
250,71914382,719,246,753,305,1
250,71914382,741,233,797,355,4
250,71914382,743,236,797,352,3
250,71914382,657,318,695,371,8
250,71914382,718,298,758,357,2
250,3K167,98,293,143,360,3
250,3K167,183,279,238,353,K
250,3K167,218,278,260,346,1
250,3K167,122,351,171,416,6
250,3K167,156,345,205,413,7
251,3K167,98,285,139,354,3
251,3K167,180,273,234,345,K
251,3K167,215,271,258,340,1
251,3K167,122,344,169,411,6
251,3K167,154,337,202,406,7
251,19G182,629,264,664,322,1
251,19G182,648,256,693,318,9
251,19G182,689,243,731,303,G
251,19G182,715,237,753,298,1
251,19G182,653,310,693,365,8
251,19G182,713,291,758,349,2
252,3K167,98,285,139,354,3
252,3K167,180,273,233,345,K
252,3K167,216,272,258,338,1
252,3K167,122,344,168,411,6
252,3K167,154,338,201,407,7
252,19G182,629,264,664,322,1
252,19G182,648,257,693,320,9
252,19G182,690,243,731,303,G
252,19G182,715,238,753,298,1
252,19G182,653,311,693,364,8
252,19G182,713,291,758,349,2
253,3K167,93,283,139,355,3
253,3K167,179,273,232,345,K
253,3K167,214,271,256,338,1
253,3K167,119,343,167,411,6
253,3K167,153,338,202,406,7
253,19G1382,625,262,663,320,1
253,19G1382,645,256,690,314,9
253,19G1382,686,242,730,301,G
253,19G1382,715,236,752,295,1
253,19G1382,739,286,788,342,3
253,19G1382,651,307,690,362,8
253,19G1382,714,289,754,347,2
254,3K1167,91,283,138,354,3
254,3K1167,176,271,229,344,K
254,3K1167,211,270,255,337,1
254,3K1167,85,344,129,420,1
254,3K1167,116,341,166,410,6
254,3K1167,150,336,199,405,7
254,19182,624,261,660,318,1
254,19182,642,254,687,313,9
254,19182,713,235,749,293,1
254,19182,647,307,689,361,8
254,19182,712,288,752,346,2
255,35K167,89,282,134,352,3
255,35K167,111,277,170,349,5
255,35K167,174,270,226,343,K
255,35K167,208,269,253,336,1
255,35K167,114,340,165,410,6
255,35K167,149,337,197,404,7
255,19G182,620,259,659,317,1
255,19G182,640,252,686,311,9
255,19G182,684,239,726,298,G
255,19G182,711,233,747,293,1
255,19G182,647,305,688,359,8
255,19G182,710,285,751,344,2
256,35K167,88,281,133,351,3
256,35K167,111,276,168,355,5
256,35K167,173,270,225,342,K
256,35K167,206,268,250,335,1
256,35K167,113,341,161,408,6
256,35K167,149,335,196,402,7
256,19141082,620,258,657,316,1
256,19141082,640,251,685,311,9
256,19141082,708,231,748,292,1
256,19141082,731,215,789,340,4
256,19141082,768,216,790,334,1
256,19141082,620,313,656,366,0
256,19141082,647,305,686,360,8
256,19141082,708,284,749,344,2
257,3K167,83,278,130,350,3
257,3K167,170,269,223,342,K
257,3K167,203,267,248,334,1
257,3K167,111,339,159,407,6
257,3K167,144,334,193,401,7
257,19G1082,616,257,654,316,1
257,19G1082,635,252,680,310,9
257,19G1082,680,236,722,296,G
257,19G1082,707,231,745,290,1
257,19G1082,616,312,655,365,0
257,19G1082,644,304,683,359,8
257,19G1082,706,285,747,342,2
